vrg_id;megnevezes;marka_gyarto;gyartoi_cikkszam;gtin;kategoria_fo;kategoria_al;kategoria_ut;kategoria_forras;kategoria_javaslat_fo;kategoria_javaslat_al;tomeg_kg;egyseg;becsult_netto_ar_huf;becsult_brutto_ar_huf;ar_megfigyeles_datum;gyartoi_termek_link;megjegyzes;kedvenc;daniella_cikkszam;daniella_netto_egysegar_huf;daniella_brutto_egysegar_huf;daniella_listaar_netto_huf;daniella_engedmeny_szazalek;daniella_kiszereles;daniella_kiszereles_mennyiseg;daniella_aktualis_brutto_ar_huf;daniella_keszlet_db;daniella_termek_link;daniella_ar_ellenorizve;rendelesek_szama;osszes_rendelt_mennyiseg;elso_rendeles;utolso_rendeles;legacy_id;forras
VRG-0001;Kiselosztó falonkívüli 4/48 átlátszó ajtóval IP41 PE/N sínnel ABB Mistral41W 1SPE007717F0721;ABB;1SPE007717F0721;8000126153590;Kapcsolóberendezések és szekrények;Lakáselosztók;/Kapcsolóberendezések és szekrények/;daniella-webshop;Elosztók és szekrények;Kiselosztók;2,4;db;37720;47904;2026.07.09;https://search.abb.com/library/Download.aspx?DocumentID=9AKK108468A2420&LanguageCode=en&DocumentPartId=&Action=Launch;;;ABB1SPE007717F0721;37720;47904;;;1 db;1;58420;2;https://daniella.hu/kiseloszto-falonkivuli-4soros-48-modulos-atlatszo-ajtoval-ip41-pe-n-sinnel-abb-mistral41w-1spe007717f0721-id-abb1spe007717f0721;2026-09-20T08:03:21.802Z;1;1;2026.07.09;2026.07.09;ABB1SPE007717F0721;email:visszaigazolas
VRG-0002;Jelenlét érzékelő süllyeszthető 360 PD2-M-1C-DE IP20 92565 B.E.G;B.E.G.;92565;4007529925650;Automatizálás;Mozgás és jelenlétérzékelők;/Épületautomatizálás/Automatizálás/;daniella-webshop;Érzékelők és automatika;Mozgás- és jelenlétérzékelők;0,208;db;25399,66;32258;2026.09.08;http://beg.luxomat.com/bmeall/92565_ce_declaration_of_conformity_en.pdf;;;BEG92565;25399,66;32258;30602;17;1 db;1;38865;34;https://daniella.hu/jelenlet-erzekelo-sullyesztheto-360-pd2-m-1c-de-ip20-92565-id-beg92565;2026-09-20T08:03:22.799Z;1;1;2026.09.08;2026.09.08;BEG92565;email:modositas + pdf:Megrendelés visszaigazolás
VRG-0003;Számítógép vezeték CAT5E UTP Belden 1583E;Belden;1583E;2050000760075;Kábelek, vezetékek;Elektronikai és adatátviteli vezetékek;/Kábelek, vezetékek/;daniella-webshop;Gyengeáram és adathálózat;Adatkábelek;0,046;;;;;https://3dgroup.cloud/PIM_MIME/MD09_tanusitvany/BELDE1583E_tanusitvany.pdf;;;BELDE1583E;;;;;;;263;127490;https://daniella.hu/szamitogep-vezetek-cat5-e---utp-fali-rez-pvc-belden-1583e-305-id-belde1583e;2026-09-20T08:03:23.933Z;0;0;;;BELDE1583E;xlsx/mail:anyagar_sablon_Laci.xlsx + Anyagok Forgáchba.eml
VRG-0004;(939081 ) Számítógép vezeték CAT5 E - UTP fali réz PVC (0) BELDEN 1583e;Belden;;8719605002082;Kábelek, vezetékek;Elektronikai és adatátviteli vezetékek;/Kábelek, vezetékek/;daniella-webshop;Gyengeáram és adathálózat;Adatkábelek;0,02;fm;161,46;205;2026.09.15;https://3dgroup.cloud/PIM_MIME/MD09_tanusitvany/BELDE1583EVAGOS_tanusitvany.pdf;;;BELDE1583EVAGOS;161,46;205;207;22;1 fm;1;263;5153;https://daniella.hu/szamitogep-vezetek-cat5-e---utp-fali-rez-pvc-belden-1583e-0-id-belde1583evagos;2026-09-20T08:03:25.092Z;3;140;2026.08.27;2026.09.15;BELDE1583EVAGOS;email:modositas + email:beerkezes + pdf:Megrendelés visszaigazolás
VRG-0005;Műa. doboz 80mm, perforált, tetővel 25863 Budvill;Budvill;25863;4008297258636;Installáció technika;Süllyesztett kötődobozok és fedelek;/Szerelvény- és kötődobozok/Installáció technika/;daniella-webshop;Szerelvény- és kötődobozok;Szerelvénydobozok és fedelek;0,03;db;96,52;123;2026.08.05;;;;BUD25863;96,52;123;;;150 db;150;161;4373;https://daniella.hu/muanyag-doboz-80mm-perforalt-tetovel-25863-budvill-id-bud25863;2026-09-20T08:03:26.087Z;1;10;2026.08.05;2026.08.05;BUD25863;email:visszaigazolas
VRG-0006;MüDN 100 doboz;Budvill;;5998263102997;Installáció technika;Falon kívüli dobozok és fedelek;/Szerelvény- és kötődobozok/Installáció technika/;daniella-webshop;Szerelvény- és kötődobozok;Szerelvénydobozok és fedelek;0,158;db;567,72;721;2026.08.13;;;;BUDT30103;567,72;721;;;1 db;1;948,99;418;https://daniella.hu/mudn-100-doboz-id-budt30103;2026-09-20T08:03:26.985Z;1;5;2026.08.13;2026.08.13;BUDT30103;email:visszaigazolas
VRG-0007;Műa. doboz fedő 65mm, rugós Budvill;Budvill;;9838000000000;Installáció technika;Süllyesztett kötődobozok és fedelek;/Szerelvény- és kötődobozok/Installáció technika/;daniella-webshop;Szerelvény- és kötődobozok;Szerelvénydobozok és fedelek;0,01;db;35,72;45;2026.09.16;;;;BUDT30305;35,72;45;;;200 db;200;59,69;8738;https://daniella.hu/muanyag-doboz-fedo-65mm-rugos-budvill-id-budt30305;2026-09-20T08:03:28.026Z;2;2;2026.09.16;2026.09.16;BUDT30305;email:modositas + email:visszaigazolas
VRG-0008;MüDK Műanyag doboz fedél 100x100;Budvill;;5998263110756;Installáció technika;Süllyesztett kötődobozok és fedelek;/Szerelvény- és kötődobozok/Installáció technika/;daniella-webshop;Szerelvény- és kötődobozok;Szerelvénydobozok és fedelek;0,03;db;44,08;56;2026.07.01;;;;BUDT888666;44,08;56;;;1 db;1;73,66;334;https://daniella.hu/mudk-muanyag-doboz-fedel-100x100-id-budt888666;2026-09-20T08:03:28.898Z;2;10;2026.06.30;2026.07.01;BUDT888666;email:visszaigazolas
VRG-0009;DEHN KSB 50 L10M Korrózióvédő szalag szélesség 50 mm L 10m 556125;DEHN;556125;4013364028517;Villámvédelem;Egyéb;/Földelési rendszerek/Villámvédelem/;daniella-webshop;Villámvédelem és földelés;Földelők és földelő tartozékok;0,56;db;4731,72;6009;2026.09.08;https://www.dehn.hu/store/f/66371898/ZERTIFIKAT/556125_KSB%2050%20L10M_10047721_000_00.pdf;;;DEHN556125;4731,72;6009;;;24 db;24;7154;31;https://daniella.hu/dehn-ksb-50-l10m-korroziovedo-szalag-szelesseg-50-mm-l-10m-556125-id-dehn556125;2026-09-20T08:03:30.086Z;1;1;2026.09.08;2026.09.08;DEHN556125;email:modositas + email:visszaigazolas
VRG-0010;Ha. ceruza 120W 118mm. R7s deLux;deLux;038;5999547610382;;;;;Világítás;Fényforrások;0,00695;db;394,74;501;2026.09.16;https://eprel.ec.europa.eu/api/products/lightsources/978353/fiches?language=HU;;;DEL038;394,74;501;;;50 db;50;517,99;1208;https://daniella.hu/halogen-fenyforras-ceruza-230v-120w-r7s-2220lm-118mm-delux-del038-id-del038;2026-09-20T08:03:30.990Z;1;1;2026.09.16;2026.09.16;DEL038;email:modositas
VRG-0011;LED reflektor 20W 1600lm, 120 fokos mozgásérzékelővel, 4000K, 30x SMD2835 LED, lapos, fekete deLux;deLux;1714;5999562417140;;;;;Világítás;Reflektorok és lámpatestek;0,29;db;5581,4;7088;2026.06.12;https://eprel.ec.europa.eu/api/products/lightsources/1463761/fiches?language=HU;;;DEL1714;5581,4;7088;;;1 db;1;6594,01;845;https://daniella.hu/led-reflektor-20w-1600lm-120-fokos-mozgaserzekelovel-4000k-30x-smd2835-led-lapos-fekete-delux-del1714-id-del1714;2026-09-20T08:03:31.991Z;1;1;2026.06.12;2026.06.12;DEL1714;email:visszaigazolas + pdf:Ajánlat
VRG-0012;LED reflektor 30W mozgásérzékelős, sorkapoccsal, tömszelencével 4000K 2400lm IP65 120 fok SMD, lapos, fekete delux;deLux;1745;5999562417454;;;;;Világítás;Reflektorok és lámpatestek;0,412;db;7559,4;9600;2026.09.08;https://eprel.ec.europa.eu/api/products/lightsources/1527539/fiches?language=HU;;;DEL1745;7559,4;9600;8790;14;1 db;1;8372,01;877;https://daniella.hu/led-reflektor-30w-mozgaserzekelos-sorkapoccsal-tomszelencevel-4000k-2400lm-ip65-120-fok-smd-lapos-fekete-delux-del1745-id-del1745;2026-09-20T08:03:32.901Z;1;1;2026.09.08;2026.09.08;DEL1745;email:modositas + pdf:Megrendelés visszaigazolás
VRG-0013;Műa. doboz 100x100mm fedél nélkül, sárga D-1101 Dunszt;Dunszt;1101;;Installáció technika;Süllyesztett kötődobozok és fedelek;/Szerelvény- és kötődobozok/Installáció technika/;daniella-webshop;Szerelvény- és kötődobozok;Szerelvénydobozok és fedelek;0,04365;db;240,16;305;2026.09.16;https://3dgroup.cloud/PIM_MIME/MD09_tanusitvany/DUND1101_tanusitvany.jpg;;;DUND1101;240,16;305;;;100 db;100;401;3912;https://daniella.hu/muanyag-doboz-100x100mm-fedel-nelkul-sarga-d-1101-dunszt-id-dund1101;2026-09-20T08:03:34.066Z;2;6;2026.07.03;2026.09.16;DUND1101;email:visszaigazolas
VRG-0014;Műa. doboz fedő 100x100mm D-1102 (D1101 dobozhoz) Dunszt;Dunszt;1102;;Installáció technika;Süllyesztett kötődobozok és fedelek;/Szerelvény- és kötődobozok/Installáció technika/;daniella-webshop;Szerelvény- és kötődobozok;Szerelvénydobozok és fedelek;0,0206;db;139,84;178;2026.09.16;https://3dgroup.cloud/PIM_MIME/MD09_tanusitvany/DUND1102_tanusitvany.jpg;;;DUND1102;139,84;178;;;50 db;50;234;3667;https://daniella.hu/muanyag-doboz-fedo-100x100mm-d-1102-d1101-dobozhoz-dunszt-id-dund1102;2026-09-20T08:03:35.406Z;1;2;2026.09.16;2026.09.16;DUND1102;email:visszaigazolas
VRG-0015;Műa. doboz 80mm, nem perforált, sárga D-8001 (téglához is);Dunszt;8001;;Installáció technika;Süllyesztett kötődobozok és fedelek;/Szerelvény- és kötődobozok/Installáció technika/;daniella-webshop;Szerelvény- és kötődobozok;Szerelvénydobozok és fedelek;0,017;db;105,64;134;2026.07.01;https://3dgroup.cloud/PIM_MIME/MD09_tanusitvany/DUND8001_tanusitvany.jpg;;;DUND8001;105,64;134;;;100 db;100;177;5013;https://daniella.hu/muanyag-doboz-80mm-nem-perforalt-sarga-d-8001-teglahoz-is-id-dund8001;2026-09-20T08:03:37.273Z;2;50;2026.06.30;2026.07.01;DUND8001;email:visszaigazolas
VRG-0016;Műa. doboz fedő 80mm, rugós D-8002 Dunszt;Dunszt;8002;5998263114990;Installáció technika;Süllyesztett kötődobozok és fedelek;/Szerelvény- és kötődobozok/Installáció technika/;daniella-webshop;Szerelvény- és kötődobozok;Szerelvénydobozok és fedelek;0,01055;db;72,96;93;2026.07.01;https://3dgroup.cloud/PIM_MIME/MD09_tanusitvany/DUND8002_tanusitvany.jpg;;;DUND8002;72,96;93;;;200 db;200;122;3973;https://daniella.hu/muanyag-doboz-fedo-80mm-rugos-d-8002-dunszt-id-dund8002;2026-09-20T08:03:38.255Z;2;50;2026.06.30;2026.07.01;DUND8002;email:visszaigazolas
VRG-0017;Műa. doboz 65mm, perforált, sorolható, E-106 (18310) F-Tronic;F-Tronic;18310;4034338900080;Installáció technika;Süllyesztett kötődobozok és fedelek;/Szerelvény- és kötődobozok/Installáció technika/;daniella-webshop;Szerelvény- és kötődobozok;Szerelvénydobozok és fedelek;0,05;db;42,33;54;2026.07.27;https://3dgroup.cloud/PIM_MIME/MD09_tanusitvany/DUW18310_tanusitvany.pdf;;;DUW18310;42,33;54;;;1 db;1;64,77;10383;https://daniella.hu/muanyag-doboz-65mm-perforalt-sorolhato-e-106-f-tronic-id-duw18310;2026-09-20T08:03:39.217Z;3;110;2026.06.30;2026.07.27;DUW18310;email:visszaigazolas
VRG-0018;Műa. doboz 65mm, perforált, sorolható, 65mm mély, E107 M25 F-Tronic;F-Tronic;;4034338915411;Installáció technika;Süllyesztett kötődobozok és fedelek;/Szerelvény- és kötődobozok/Installáció technika/;daniella-webshop;Szerelvény- és kötődobozok;Szerelvénydobozok és fedelek;0,05;db;63,84;81;2026.07.27;https://3dgroup.cloud/PIM_MIME/MD09_tanusitvany/DUW18320_tanusitvany.pdf;;;DUW18320;63,84;81;;;1 db;1;107;4890;https://daniella.hu/muanyag-doboz-65mm-perforalt-sorolhato-65mm-mely-e107-m25-f-tronic-id-duw18320;2026-09-20T08:03:40.163Z;3;45;2026.06.30;2026.07.27;DUW18320;email:visszaigazolas
VRG-0019;NBP-1000 Takarólap 45mm, szürke RAL7035 (1m) 275413 (Y7-275413) Eaton;Eaton;275413;4015082754136;Kapcsolóberendezések és szekrények;Szekrény alkatrészek és kiegészítők;/Elosztószekrények és tartozékai/Kapcsolóberendezések és szekrények/;daniella-webshop;Kismegszakítók és védelmek;Sínek és szerelési tartozékok;0,14;db;1149,2;1459;2026.07.31;;;;EAT275413;1149,2;1459;;;1 db;1;2245;11139;https://daniella.hu/nbp-1000-takarolap-45mm-szurke-ral7035-1m-275413-eaton-id-eat275413;2026-09-20T08:03:41.139Z;1;1;2026.07.31;2026.07.31;EAT275413;email:visszaigazolas
VRG-0020;"SMR-M 230V kapcsoló alá szerelhető, Elko Ep, 4377 ; LED izzók és energiatakarékos fénycsövek fényerőszabályzására!";Elko EP;;8595188143776;Szerelvények;Dimmerek;/Szerelvények/;daniella-webshop;Kapcsolók és csatlakozók;Fényerőszabályzók (dimmerek);0,07;db;21395,74;27173;2026.09.08;https://webshop.elkoep.hu/shop_ordered/51791/pic/letoltesek/pdf-ek/minosegi-tanusitvany-smr-m.pdf;;;EKP4377STANDARD;21395,74;27173;25778;17;1 db;1;32738;9;https://daniella.hu/smr-m-230v-kapcsolo-ala-szerelheto-elko-ep-4377-led-izzok-es-energiatakarekos-fenycsovek-fenyeroszabalyzasara-id-ekp4377standard;2026-09-20T08:03:42.076Z;1;1;2026.09.08;2026.09.08;EKP4377STANDARD;email:modositas + pdf:Megrendelés visszaigazolás
VRG-0021;Műa.cső ELS M32 Symalen 32 50fm/tek;ELTSZER;;;Installáció technika;Műanyag védőcsövek;/Villanyszerelési védőcsövek és tartozékai/Installáció technika/;daniella-webshop;Installáció technika;Gégecsövek és védőcsövek;0,24;fm;;;;;;;ELTELSM32;;;;;;;997;6050;https://daniella.hu/mua-cso-els-m32-symalen-32-25-50m-tek-id-eltelsm32;2026-09-20T08:03:43.277Z;1;100;2026.08.27;2026.08.27;ELTELSM32;email:beerkezes + xlsx/mail:anyagar_sablon_Laci.xlsx + Anyagok Forgáchba.eml
VRG-0022;Symalen toldó M32;ELTSZER;;;Installáció technika;Idomok;/Villanyszerelési védőcsövek és tartozékai/Installáció technika/;daniella-webshop;Installáció technika;Csőidomok, bilincsek, tömszelencék;0,05;db;127,68;162;2026.09.15;;;;ELTM32TOLDO;127,68;162;;;15 db;15;213;491;https://daniella.hu/symalen-toldo-m32-id-eltm32toldo;2026-09-20T08:03:44.322Z;1;1;2026.09.15;2026.09.15;ELTM32TOLDO;email:modositas + email:visszaigazolas
VRG-0023;Gégecső lépésálló 16/100 fekete (SGN) 750N FK15 DX15016R Gewiss;Gewiss;DX15016R;8034035440557;Installáció technika;Műanyag védőcsövek;/Villanyszerelési védőcsövek és tartozékai/Installáció technika/;daniella-webshop;Installáció technika;Gégecsövek és védőcsövek;0,0412;fm;79,1;100;2026.07.14;https://www.gewiss.com/content/dam/gwdam/FILE/ZRH/REACH%20Information_Gewiss_20240521.pdf;;;GEWDX15016R;79,1;100;;;100 fm;100;144,01;79400;https://daniella.hu/gegecso-lepesallo-16-100-fekete-750n-fk15-dx15016r-gewiss-id-gewdx15016r;2026-09-20T08:03:45.511Z;3;300;2026.06.30;2026.07.14;GEWDX15016R;email:visszaigazolas
VRG-0024;Gégecső lépésálló 20/100 fekete (SGN) 750N FK15 DX15020R Gewiss;Gewiss;DX15020R;8034035440564;Installáció technika;Műanyag védőcsövek;/Villanyszerelési védőcsövek és tartozékai/Installáció technika/;daniella-webshop;Installáció technika;Gégecsövek és védőcsövek;0,056339;fm;109,06;139;2026.09.08;https://www.gewiss.com/content/dam/gwdam/FILE/ZRH/REACH%20Information_Gewiss_20240521.pdf;;;GEWDX15020R;109,06;139;133;18;100 fm;100;169;165800;https://daniella.hu/gegecso-lepesallo-20-100-fekete-750n-fk15-dx15020r-gewiss-id-gewdx15020r;2026-09-20T08:03:46.453Z;2;300;2026.08.05;2026.09.08;GEWDX15020R;email:modositas + email:visszaigazolas + pdf:Megrendelés visszaigazolás
VRG-0025;Gégecső lépésálló 25/75 fekete (SGN) 750N FK15 DX15025R Gewiss;Gewiss;DX15025R;8034035440571;Installáció technika;Műanyag védőcsövek;/Villanyszerelési védőcsövek és tartozékai/Installáció technika/;daniella-webshop;Installáció technika;Gégecsövek és védőcsövek;0,080127;fm;183,68;233;2026.08.24;https://www.gewiss.com/content/dam/gwdam/FILE/ZRH/REACH%20Information_Gewiss_20240521.pdf;;;GEWDX15025R;183,68;233;;;75 fm;75;284;104550;https://daniella.hu/gegecso-lepesallo-25-75-fekete-750n-fk15-dx15025r-gewiss-id-gewdx15025r;2026-09-20T08:03:47.400Z;2;225;2026.08.05;2026.08.24;GEWDX15025R;email:visszaigazolas
VRG-0026;Gégecső lépésálló 32/50 fekete (SGN) 750N FK15 DX15032R Gewiss;Gewiss;DX15032R;8034035440588;Installáció technika;Műanyag védőcsövek;/Villanyszerelési védőcsövek és tartozékai/Installáció technika/;daniella-webshop;Installáció technika;Gégecsövek és védőcsövek;0,113799;fm;;;;https://www.gewiss.com/content/dam/gwdam/FILE/ZRH/REACH%20Information_Gewiss_20240521.pdf;;;GEWDX15032R;;;;;;;436;36350;https://daniella.hu/gegecso-lepesallo-32-50-fekete-750n-fk15-dx15032r-gewiss-id-gewdx15032r;2026-09-20T08:03:48.288Z;1;50;2026.08.27;2026.08.27;GEWDX15032R;email:beerkezes + xlsx/mail:anyagar_sablon_Laci.xlsx + Anyagok Forgáchba.eml
VRG-0027;Mü.II. cső PEP 25 szürke /3m tokos végű RK9 DX24925 320N (51m/köteg);Gewiss;DX24925;8034035484698;Installáció technika;Műanyag védőcsövek;/Villanyszerelési védőcsövek és tartozékai/Installáció technika/;daniella-webshop;Installáció technika;Gégecsövek és védőcsövek;0,125;fm;169,4;215;2026.06.12;https://3dgroup.cloud/PIM_MIME/MD09_tanusitvany/GEWDX24925.pdf;;;GEWDX24925;169,4;215;;;3 fm;3;320;29904;https://daniella.hu/mu-ii-cso-pep-25-szurke-3m-tokos-vegu-rk9-dx24925-320n-51m-koteg-id-gewdx24925;2026-09-20T08:03:49.152Z;1;30;2026.06.12;2026.06.12;GEWDX24925;email:visszaigazolas + pdf:Ajánlat
VRG-0028;Karmantyú Mü.II. 16 IP40 szürke hal.mentes DX40016 Gewiss;Gewiss;DX40016;8011564926608;Installáció technika;Toldók;/Villanyszerelési védőcsövek és tartozékai/Installáció technika/;daniella-webshop;Installáció technika;Csőidomok, bilincsek, tömszelencék;0,00023947;db;86,1;109;2026.07.14;https://www.gewiss.com/content/dam/gwdam/FILE/ZAT/MarcaturaCE.pdf;;;GEWDX40016;86,1;109;;;1 db;1;132,99;2921;https://daniella.hu/karmantyu-toldo-mu-ii-16-ip40-szurke-halogenmentes-dx40016-gewiss-id-gewdx40016;2026-09-20T08:03:50.125Z;1;5;2026.07.14;2026.07.14;GEWDX40016;email:visszaigazolas
VRG-0029;Karmantyú Mü.II. 20 IP40 szürke hal.mentes DX40020 Gewiss;Gewiss;DX40020;8011564926622;Installáció technika;Toldók;/Villanyszerelési védőcsövek és tartozékai/Installáció technika/;daniella-webshop;Installáció technika;Csőidomok, bilincsek, tömszelencék;0,0002607;db;90,2;115;2026.09.10;https://www.gewiss.com/content/dam/gwdam/FILE/ZRH/REACH%20Information_Gewiss_20240521.pdf;;;GEWDX40020;90,2;115;;;1 db;1;140;5482;https://daniella.hu/karmantyu-toldo-mu-ii-20-ip40-szurke-halogenmentes-dx40020-gewiss-id-gewdx40020;2026-09-20T08:03:51.022Z;1;5;2026.07.14;2026.07.14;GEWDX40020;email:modositas + email:visszaigazolas
VRG-0030;Karmantyú Mü.II. 25 IP40 szürke hal.mentes DX40025 Gewiss;Gewiss;DX40025;8011564926646;Installáció technika;Toldók;/Villanyszerelési védőcsövek és tartozékai/Installáció technika/;daniella-webshop;Installáció technika;Csőidomok, bilincsek, tömszelencék;0,00055455;db;108,5;138;2026.07.14;https://www.gewiss.com/content/dam/gwdam/FILE/ZRH/REACH%20Information_Gewiss_20240521.pdf;;;GEWDX40025;108,5;138;;;1 db;1;197;1989;https://daniella.hu/karmantyu-toldo-mu-ii-25-ip40-szurke-halogenmentes-dx40025-gewiss-id-gewdx40025;2026-09-20T08:03:51.919Z;1;5;2026.07.14;2026.07.14;GEWDX40025;email:visszaigazolas
VRG-0031;Könyök Mü II 20 IP40 szürke hal.mentes DX40120 Gewiss;Gewiss;DX40120;8011564926714;Installáció technika;Idomok;/Villanyszerelési védőcsövek és tartozékai/Installáció technika/;daniella-webshop;Installáció technika;Csőidomok, bilincsek, tömszelencék;0,00040517;db;142,1;180;2026.07.27;https://www.gewiss.com/content/dam/gwdam/FILE/ZRH/REACH%20Information_Gewiss_20240521.pdf;;;GEWDX40120;142,1;180;;;1 db;1;258;6847;https://daniella.hu/konyok-mu-ii-20-ip40-szurke-halogenmentes-dx40120-gewiss-id-gewdx40120;2026-09-20T08:03:52.873Z;1;4;2026.07.27;2026.07.27;GEWDX40120;email:visszaigazolas
VRG-0032;Könyök Mü.II. 25 IP40 szürke halogénmentes DX40125 Gewiss;Gewiss;DX40125;8011564926738;Installáció technika;Idomok;/Villanyszerelési védőcsövek és tartozékai/Installáció technika/;daniella-webshop;Installáció technika;Csőidomok, bilincsek, tömszelencék;0,0011065;db;264,04;335;2026.07.27;https://www.gewiss.com/content/dam/gwdam/FILE/ZRH/REACH%20Information_Gewiss_20240521.pdf;;;GEWDX40125;264,04;335;;;1 db;1;409;2032;https://daniella.hu/konyok-mu-ii-25-ip40-szurke-halogenmentes-dx40125-gewiss-id-gewdx40125;2026-09-20T08:03:53.875Z;2;9;2026.06.12;2026.07.27;GEWDX40125;email:visszaigazolas + pdf:Ajánlat
VRG-0033;Könyök Mü.II. 25 szürke vizsgálható, szétszedhető, halogénmentes IP40 DX40325 Gewiss;Gewiss;DX40325;8018678008770;Installáció technika;Idomok;/Villanyszerelési védőcsövek és tartozékai/Installáció technika/;daniella-webshop;Installáció technika;Csőidomok, bilincsek, tömszelencék;0,022;db;288,64;367;2026.06.12;https://www.gewiss.com/content/dam/gwdam/FILE/ZAT/MarcaturaCE.pdf;;;GEWDX40325;288,64;367;;;;;465;115;https://daniella.hu/konyok-mu-ii-25-szurke-vizsgalhato-szetszedheto-halogenmentes-ip40-dx40325-gewiss-id-gewdx40325;2026-09-20T08:03:54.814Z;0;0;;;GEWDX40325;pdf:Ajánlat
VRG-0034;Kötődobozhoz egyenes csatlakozó 20-as (csőadapter) IP67 szürke hal.mentes DX43220 Gewiss;Gewiss;DX43220;8018678035400;Installáció technika;Egyéb tartozékok;/Szerelvény- és kötődobozok/Installáció technika/;daniella-webshop;Installáció technika;Csőidomok, bilincsek, tömszelencék;0,0013116;db;478,06;607;2026.09.10;https://www.gewiss.com/content/dam/gwdam/FILE/ZRH/REACH%20Information_Gewiss_20240521.pdf;;;GEWDX43220;478,06;607;;;1 db;1;740;412;https://daniella.hu/kotodobozhoz-egyenes-csatlakozo-20-as-csoadapter-ip67-szurke-halogenmentes-dx43220-gewiss-id-gewdx43220;2026-09-20T08:03:55.721Z;0;0;;;GEWDX43220;email:modositas
VRG-0035;Kiselosztó falonkívüli 4soros, 72 modulos átlátszó ajtóval IP40 PE/N dupla sínnel GW40053BD;Gewiss;GW40053BD;8011564896765;Kapcsolóberendezések és szekrények;Lakáselosztók;/Kapcsolóberendezések és szekrények/;daniella-webshop;Elosztók és szekrények;Kiselosztók;5,54;db;48288,16;61326;2026.09.08;https://www.gewiss.com/content/dam/gwdam/FILE/ZAT/MarcaturaCE.pdf;;;GEWGW40053BD;48288,16;61326;58888;18;1 db;1;74788;18;https://daniella.hu/kiseloszto-falonkivuli-4soros-72-modulos-atlatszo-ajtoval-ip40-pe-n-dupla-sinnel-gw40053bd-id-gewgw40053bd;2026-09-20T08:03:56.624Z;1;1;2026.09.08;2026.09.08;GEWGW40053BD;email:modositas + pdf:Megrendelés visszaigazolás
VRG-0036;GW Kötődoboz sülly. 92x92x45 IP40 GW 48001;Gewiss;GW48001;8011564591424;Installáció technika;Süllyesztett kötődobozok és fedelek;/Szerelvény- és kötődobozok/Installáció technika/;daniella-webshop;Szerelvény- és kötődobozok;Süllyesztett kötődobozok és fedelek;0,00036328;db;317,34;403;2026.07.27;https://www.gewiss.com/content/dam/gwdam/FILE/ZRH/REACH%20Information_Gewiss_20240521.pdf;;;GEWGW48001;317,34;403;;;1 db;1;490,99;2772;https://daniella.hu/kotodoboz-sullyesztett-92x92x45-ip40-gw48001-gewiss-id-gewgw48001;2026-09-20T08:03:57.567Z;1;1;2026.07.27;2026.07.27;GEWGW48001;email:visszaigazolas
VRG-0037;GW Kötődoboz sülly. 118x96x50 IP40 GW 48002;Gewiss;GW48002;8011564016392;Installáció technika;Süllyesztett kötődobozok és fedelek;/Szerelvény- és kötődobozok/Installáció technika/;daniella-webshop;Szerelvény- és kötődobozok;Süllyesztett kötődobozok és fedelek;0,00074758;db;386,22;490;2026.08.13;https://www.gewiss.com/content/dam/gwdam/FILE/ZRH/REACH%20Information_Gewiss_20240521.pdf;;;GEWGW48002;386,22;490;;;1 db;1;598;1323;https://daniella.hu/kotodoboz-sullyesztett-118x96x50-ip40-gw48002-gewiss-id-gewgw48002;2026-09-20T08:03:58.502Z;1;2;2026.08.13;2026.08.13;GEWGW48002;email:visszaigazolas
VRG-0038;GW Kötődoboz sülly. 160x130x70 IP40 GW 48005;Gewiss;GW48005;8011564016422;Installáció technika;Süllyesztett kötődobozok és fedelek;/Szerelvény- és kötődobozok/Installáció technika/;daniella-webshop;Szerelvény- és kötődobozok;Süllyesztett kötődobozok és fedelek;0,156;db;822,5;1045;2026.07.27;https://www.gewiss.com/content/dam/gwdam/FILE/ZRH/REACH%20Information_Gewiss_20240521.pdf;;;GEWGW48005;822,5;1045;;;1 db;1;1492;862;https://daniella.hu/kotodoboz-sullyesztett-160x130x70-ip40-gw48005-gewiss-id-gewgw48005;2026-09-20T08:03:59.435Z;1;1;2026.07.27;2026.07.27;GEWGW48005;email:visszaigazolas
VRG-0039;GW Kötődoboz sülly. 294x152x75 IP40 GW 48007;Gewiss;GW48007;8011564016446;Installáció technika;Süllyesztett kötődobozok és fedelek;/Szerelvény- és kötődobozok/Installáció technika/;daniella-webshop;Szerelvény- és kötődobozok;Süllyesztett kötődobozok és fedelek;0,344;db;1592,5;2022;2026.07.27;https://www.gewiss.com/content/dam/gwdam/FILE/ZRH/REACH%20Information_Gewiss_20240521.pdf;;;GEWGW48007;1592,5;2022;;;1 db;1;2889;257;https://daniella.hu/kotodoboz-sullyesztett-294x152x70-ip40-gw48007-gewiss-id-gewgw48007;2026-09-20T08:04:00.389Z;1;1;2026.07.27;2026.07.27;GEWGW48007;email:visszaigazolas
VRG-0040;Tömszelence M25 +anya IP66 szürke GW50417 Gewiss;Gewiss;GW50417;8011564327252;Installáció technika;Toldók;/Villanyszerelési védőcsövek és tartozékai/Installáció technika/;daniella-webshop;Installáció technika;Csőidomok, bilincsek, tömszelencék;0,02;db;546,94;695;2026.08.24;https://www.gewiss.com/content/dam/gwdam/FILE/ZRH/REACH%20Information_Gewiss_20240521.pdf;;;GEWGW50417;546,94;695;;;1 db;1;847;486;https://daniella.hu/tomszelence-m25-anya-ip66-szurke-gw50417-gewiss-id-gewgw50417;2026-09-20T08:04:01.285Z;1;5;2026.08.24;2026.08.24;GEWGW50417;email:visszaigazolas + xlsx/mail:deseo2 másolata.xlsx
VRG-0041;Gipsz stukatúr 10kg/zsák;N/A;;5999886468026;;;;;Munkavédelem és segédanyagok;Szerelési segédanyagok;10;db;1570,36;1994;2026.08.05;https://3dgroup.cloud/PIM_MIME/MD51_teljesitmeny_nyilatkozat/GIP00010.pdf;;;GIP00010;1570,36;1994;;;1 db;1;;1122;https://daniella.hu/gipsz-stukatur-10kg-zsak-id-gip00010;2026-09-20T08:04:02.220Z;2;7;2026.07.27;2026.08.05;GIP00010;email:visszaigazolas
VRG-0042;Tömszelence M50 +anya 30-38mm IP68 szürke 250056 Haupa;Haupa;250056;4011923496999;Installáció technika;Tömszelencék;/Tömszelencék és szigetelő gyűrűk/Installáció technika/;daniella-webshop;Installáció technika;Csőidomok, bilincsek, tömszelencék;0,1;db;924;1173;2026.09.14;https://3dgroup.cloud/PIM_MIME/MD09_tanusitvany/HAU250056_tanusitvany.pdf;;;HAU250056;924;1173;;;5 db;5;1467;301;https://daniella.hu/tomszelence-m50-anya-30-38mm-ip68-szurke-250056-haupa-id-hau250056;2026-09-20T08:04:03.128Z;1;2;2026.09.14;2026.09.14;HAU250056;email:visszaigazolas
VRG-0043;Tömszelence PG29 +anya 18-25mm IP68 szürke 250072 Haupa;Haupa;250072;4011923497071;Installáció technika;Tömszelencék;/Tömszelencék és szigetelő gyűrűk/Installáció technika/;daniella-webshop;Installáció technika;Csőidomok, bilincsek, tömszelencék;0,0424;db;429,6;546;2026.09.14;https://3dgroup.cloud/PIM_MIME/MD09_tanusitvany/HAU250072_tanusitvany.pdf;;;HAU250072;429,6;546;;;10 db;10;682;415;https://daniella.hu/tomszelence-pg29-anya-18-25mm-ip68-szurke-250072-haupa-id-hau250072;2026-09-20T08:04:04.007Z;1;4;2026.09.14;2026.09.14;HAU250072;email:visszaigazolas
VRG-0044;Tömszelence PG42 +anya 30-38mm IP68 szürke 250076 Haupa;Haupa;250076;4011923497095;Installáció technika;Tömszelencék;/Tömszelencék és szigetelő gyűrűk/Installáció technika/;daniella-webshop;Installáció technika;Csőidomok, bilincsek, tömszelencék;0,108;db;1106,4;1405;2026.09.14;https://3dgroup.cloud/PIM_MIME/MD09_tanusitvany/HAU250076_tanusitvany.pdf;;;HAU250076;1106,4;1405;;;5 db;5;1756;95;https://daniella.hu/tomszelence-pg42-anya-30-38mm-ip68-szurke-250076-haupa-id-hau250076;2026-09-20T08:04:04.932Z;1;2;2026.09.14;2026.09.14;HAU250076;email:visszaigazolas
VRG-0045;Ónozott saru (SZ 10-10) 290662 Haupa;Haupa;290662;4011923090623;Installáció technika;Saruk;/Kábel/vezeték szerelési és csatlakozó anyagok/Installáció technika/;daniella-webshop;Kötéstechnika;Érvéghüvelyek és saruk;0,00348;db;85,6;109;2026.09.08;https://3dgroup.cloud/PIM_MIME/MD09_tanusitvany/HAU290662_tanusitvany.pdf;;;HAU290662;85,6;109;;;100 db;100;136;1464;https://daniella.hu/szigeteletlen-onozott-szemes-saru-sz-10-10-290662-haupa-id-hau290662;2026-09-20T08:04:05.901Z;1;5;2026.09.08;2026.09.08;HAU290662;email:modositas + email:visszaigazolas + xlsx/mail:anyagar_sablon50_garázs földelés.xlsx
VRG-0046;Fővezeték sorkapocs 5P 4x1,5-25mm2 szürke-kék-z/s KKL 54 Hensel;Hensel;KKL54;4012591508823;Energiaelosztás;Fővezeték sorkapcsok, elosztókapcsok és elosztóblokkok;/Áramelosztás/Energiaelosztás/;daniella-webshop;Kötéstechnika;Fővezetéki sorkapcsok;0,3252;db;9618,96;12216;2026.09.08;https://www.hensel-electric.de/media/docs/allgemein/konformitaetserklaerungen/hensel-konformitaetserklaerung-21-hauptleitungsabzweigklemme.pdf;;;HENKKL54;9618,96;12216;12332;22;1 db;1;15662;18;https://daniella.hu/fovezetek-sorkapocs-5p-4x1-5-25mm2-szurke-kek-z-s-kkl-54-hensel-id-henkkl54;2026-09-20T08:04:06.883Z;1;1;2026.09.08;2026.09.08;HENKKL54;email:modositas + pdf:Megrendelés visszaigazolás
VRG-0047;HAGER K148 Golf N/PE sín 6x16mm2 + 7x10mm2, 85mm;Hager;K148;4010330712166;Kapcsolóberendezések és szekrények;Lakáselosztók;/Kapcsolóberendezések és szekrények/;daniella-webshop;Kismegszakítók és védelmek;Sínek és szerelési tartozékok;;db;2242,66;2848;2026.07.22;https://assets.hager.com/step-content/P/HA_46859141/Document/std.lang.all/24_3572_05_24.pdf?_gl=1*4ohov5*_ga*MTIzOTYzMzYzMS4xNzg4MjYxNjc2*_ga_PV0S9027V6*czE3ODgyNjE2NzUkbzEkZzEkdDE3ODgyNjcwOTckajQ4JGwwJGgw*_gcl_au*MTAyMDA0NjE0Ny4xNzg4MjYxNjgyLi0uLS4xNzg4MjY1ODA3LjY2Njk2ODAwNS4xNzg4MjY1ODA4LjE3ODgyNjY5NzU.*_ga_HN57Y7C6EL*czE3ODgyNjcwODYkbzIkZzEkdDE3ODgyNjcwOTckajQ5JGwwJGgw;;;HGRK148;2242,66;2848;;;;;3432;13;https://daniella.hu/hager-k148-golf-n-pe-sin-6x16mm2-7x10mm2-85mm-id-hgrk148;2026-09-20T08:04:07.790Z;0;0;;;HGRK148;pdf:Ajánlat
VRG-0048;Kiselosztó süllyesztett 1/12 átlátszó ajtóval IP40 PE/N sínnel HAGER Golf VF112TD;Hager;VF112TD;3250616463325;Kapcsolóberendezések és szekrények;Lakáselosztók;/Kapcsolóberendezések és szekrények/;daniella-webshop;Elosztók és szekrények;Kiselosztók;;db;8235,26;10459;2026.07.01;https://assets.hager.com/step-content/P/HA_50252133/Document/std.lang.all/24_2786_09_24.pdf;;;HGRVF112TD;8235,26;10459;;;1 db;1;12601;8;https://daniella.hu/kiseloszto-sullyesztett-1soros-12-modulos-atlatszo-ajtoval-ip40-pe-n-sinnel-hager-golf-vf112td-id-hgrvf112td;2026-09-20T08:04:08.703Z;2;2;2026.06.30;2026.07.01;HGRVF112TD;email:visszaigazolas
VRG-0049;Kiselosztó süllyesztett 4/48 teli ajtóval IP40 PE/N sínnel HAGER Golf VF412PD;Hager;VF412PD;3250616463240;Kapcsolóberendezések és szekrények;Lakáselosztók;/Kapcsolóberendezések és szekrények/;daniella-webshop;Elosztók és szekrények;Kiselosztók;2,5;db;24418,6;31012;2026.06.30;https://assets.hager.com/step-content/P/HA_78252230/Document/std.lang.all/25_2786_06_25.pdf?_gl=1*p1i0ik*_ga*MTIzOTYzMzYzMS4xNzg4MjYxNjc2*_ga_PV0S9027V6*czE3ODgyNjE2NzUkbzEkZzEkdDE3ODgyNzExNDAkajE4JGwwJGgw*_ga_BR2091L7BR*czE3ODgyNjkzNTQkbzIkZzEkdDE3ODgyNzExNDAkajE4JGwwJGgw;;;HGRVF412PD;24418,6;31012;;;1 db;1;37363,01;6;https://daniella.hu/kiseloszto-sullyesztett-4soros-48-modulos-teli-ajtoval-ip40-pe-n-sinnel-hager-golf-vf412pd-id-hgrvf412pd;2026-09-20T08:04:09.601Z;1;1;2026.06.30;2026.06.30;HGRVF412PD;email:visszaigazolas
VRG-0050;Kiselosztó süllyesztett 4/48 átlátszó ajtóval IP40 PE/N sínnel HAGER Golf VF412TD;Hager;VF412TD;3250616463356;Kapcsolóberendezések és szekrények;Lakáselosztók;/Kapcsolóberendezések és szekrények/;daniella-webshop;Elosztók és szekrények;Kiselosztók;2,5;db;24418,6;31012;2026.07.01;https://assets.hager.com/step-content/P/HA_50252133/Document/std.lang.all/24_2786_09_24.pdf;;;HGRVF412TD;24418,6;31012;;;1 db;1;37363,01;6;https://daniella.hu/kiseloszto-sullyesztett-4soros-48-modulos-atlatszo-ajtoval-ip40-pe-n-sinnel-hager-golf-vf412td-id-hgrvf412td;2026-09-20T08:04:10.602Z;1;1;2026.07.01;2026.07.01;HGRVF412TD;email:visszaigazolas
VRG-0051;HAGER VZ703N Golf N, PE sín tartó VF/VS 12 M elosztókhoz;Hager;VZ703N;3250616655676;Kapcsolóberendezések és szekrények;Lakáselosztók;/Kapcsolóberendezések és szekrények/;daniella-webshop;Kismegszakítók és védelmek;Sínek és szerelési tartozékok;;db;935,41;1188;2026.07.22;https://www.hager.hu/files/download/0/895_1/0/CE_declaration_volta_Installationskleinverteiler.pdf;;;HGRVZ703N;935,41;1188;;;;;1431;10;https://daniella.hu/hager-vz703n-golf-n-pe-sin-tarto-vf-vs-12-m-elosztokhoz-id-hgrvz703n;2026-09-20T08:04:11.499Z;0;0;;;HGRVZ703N;pdf:Ajánlat
VRG-0052;Orno felületre szerelhető kettes aljzat 2P+E, IP20, fehér, ToDo OR-OE-7206(GS)/W;Orno;OE7206GSW;5908254843099;Szerelvények;Csatlakozóaljzatok;/Szerelvények/;daniella-webshop;Kapcsolók és csatlakozók;Falon kívüli szerelvények;0,3;db;735,14;934;2026.07.29;;;;HUTOROE7206GSW;735,14;934;;;1 db;1;1048,99;80;https://daniella.hu/orno-feluletre-szerelheto-kettes-aljzat-2p-e-ip20-feher-todo-or-oe-7206-gs-w-id-hutoroe7206gsw;2026-09-20T08:04:12.636Z;1;1;2026.07.29;2026.07.29;HUTOROE7206GSW;email:visszaigazolas
VRG-0053;J.P.111356 csatlakozó-kapocs;J.P.;111356;4059273027548;Villámvédelem;Villámvédelmi és EPH kapocs;/Villámvédelmi felfogó és levezető rendszerek/Villámvédelem/;daniella-webshop;Villámvédelem és földelés;Földelők és földelő tartozékok;0,382;db;2379,64;3022;2026.09.17;https://proepster.synergyfox.app/public/1/minta_megfelelosegik/111356.pdf;;;JPR111356;2379,64;3022;;;1 db;1;3686;419;https://daniella.hu/j-propster-111356-csatlakozo-kapocs-3-reszes-rd-8-10-30mm-rd-20mm-id-jpr111356;2026-09-20T08:04:13.492Z;2;3;2026.07.06;2026.09.17;JPR111356;email:modositas + email:visszaigazolas
VRG-0054;J.P.1278 multi kapocs 10/10mm;J.P.;1278;4059273005812;Villámvédelem;Villámvédelmi és EPH kapocs;/Villámvédelmi felfogó és levezető rendszerek/Villámvédelem/;daniella-webshop;Villámvédelem és földelés;Földelők és földelő tartozékok;0,137;db;1047,14;1330;2026.07.06;https://proepster.synergyfox.app/public/1/minta_megfelelosegik/1278.pdf;;;JPR1278;1047,14;1330;;;1 db;1;1622,01;1129;https://daniella.hu/j-propster-1278-multikapocs-10mm-acel-stfz-id-jpr1278;2026-09-20T08:04:14.390Z;1;2;2026.07.06;2026.07.06;JPR1278;email:visszaigazolas
VRG-0055;J.P.2058 ütőcsúcs 20;J.P.;2058;4059273008066;Villámvédelem;Rúdföldelő és tartozékok;/Földelési rendszerek/Villámvédelem/;daniella-webshop;Villámvédelem és földelés;Földelők és földelő tartozékok;0,04;db;1047,14;1330;2026.09.17;https://3dgroup.cloud/PIM_MIME/MD51_teljesitmeny_nyilatkozat/JPR2058.pdf;;;JPR2058;1047,14;1330;;;1 db;1;1622,01;194;https://daniella.hu/j-propster-2058-utocsucs-te-a-tipus-20mm-es-te-c-tipus-id-jpr2058;2026-09-20T08:04:15.267Z;2;2;2026.09.08;2026.09.17;JPR2058;email:modositas + email:visszaigazolas + xlsx/mail:anyagar_sablon50_garázs földelés.xlsx
VRG-0056;EAYY-J 5x 16 /NAYY-J/ RE (0) földkábel 5x16;N/A;;;Kábelek, vezetékek;Erőátviteli kábel >= 1 kV, rögzített elhelyezésre;/Kábelek, vezetékek/;daniella-webshop;Vezetékek és kábelek;Erőátviteli kábelek;0,624;fm;;;;;;;KAB1100065;;;;;;;;179;https://daniella.hu/eayy-j-5x-16-nayy-j-re-fekete-0-0-6-1kv-eroatviteli-kabel-id-kab1100065;2026-09-20T08:04:16.189Z;1;30;2026.08.27;2026.08.27;KAB1100065;email:beerkezes + xlsx/mail:anyagar_sablon_Laci.xlsx + Anyagok Forgáchba.eml
VRG-0057;NYY-J 3x 1,5 (0) RE-TÖMÖR [ 0,6/1kV ] fekete erőátviteli kábel;N/A;;5907802017319;Kábelek, vezetékek;Erőátviteli kábel >= 1 kV, rögzített elhelyezésre;/Kábelek, vezetékek/;daniella-webshop;Vezetékek és kábelek;Erőátviteli kábelek;0,21;fm;339,3;431;2026.09.08;;;;KAB1400014;339,3;431;435;22;1 fm;1;;11586;https://daniella.hu/nyy-j-3x-1-5-0-re-tomor-0-6-1kv-fekete-eroatviteli-kabel-id-kab1400014;2026-09-20T08:04:17.105Z;1;30;2026.09.08;2026.09.08;KAB1400014;email:modositas + pdf:Megrendelés visszaigazolás
VRG-0058;NYY-J 3x 4 (0) RE-TÖMÖR [ 0,6/1kV ] fekete erőátviteli kábel;N/A;;5907802017647;Kábelek, vezetékek;Erőátviteli kábel >= 1 kV, rögzített elhelyezésre;/Kábelek, vezetékek/;daniella-webshop;Vezetékek és kábelek;Erőátviteli kábelek;0,36;fm;764,4;971;2026.06.12;;;;KAB1400016;764,4;971;;;1 fm;1;;3321;https://daniella.hu/nyy-j-3x-4-0-re-tomor-0-6-1kv-fekete-eroatviteli-kabel-id-kab1400016;2026-09-20T08:04:18.044Z;1;40;2026.06.12;2026.06.12;KAB1400016;email:visszaigazolas + pdf:Ajánlat
VRG-0059;H05RR-F 3x1,5 (100) (GT);N/A;;5901854403229;Kábelek, vezetékek;Erősáramú vezetékek, kábelek < 1 kV flexibilis elhelyezés;/Kábelek, vezetékek/;daniella-webshop;Vezetékek és kábelek;Gumikábelek és hosszabbító vezetékek;0,135;fm;358,82;456;2026.08.24;;;;KAB1800011;358,82;456;;;100 fm;100;613;5500;https://daniella.hu/h05rr-f-3x1-5-fekete-100-300-500v-gumikabel-gt-id-kab1800011;2026-09-20T08:04:19.012Z;2;105;2026.06.16;2026.08.24;KAB1800011;email:visszaigazolas + xlsx/mail:deseo2 másolata.xlsx
VRG-0060;H05RR-F 3x1,5 fekete (0) 300/500V gumikábel (GT);N/A;;;Kábelek, vezetékek;Erősáramú vezetékek, kábelek < 1 kV flexibilis elhelyezés;/Kábelek, vezetékek/;daniella-webshop;Vezetékek és kábelek;Gumikábelek és hosszabbító vezetékek;0,135;fm;351,12;446;2026.06.12;;;;KAB1800012;351,12;446;;;1 fm;1;;2011;https://daniella.hu/h05rr-f-3x1-5-fekete-0-300-500v-gumikabel-gt-id-kab1800012;2026-09-20T08:04:19.989Z;1;5;2026.06.12;2026.06.12;KAB1800012;email:visszaigazolas + pdf:Ajánlat
VRG-0061;Ventilátor EOL 120HT páraérzékelős időkapcsolós Kanlux 70941;Kanlux;70941;8594056490080;Hűtés, fűtés, szellőzéstechnika;Háztartási ventilátorok, szellőzők és tartozékok;/Ventilátorok, szellőzők/Hűtés, fűtés, szellőzéstechnika/;daniella-webshop;Szellőzés;Ventilátorok és rácsok;0,2;db;9684,2;12299;2026.09.14;https://www.kanlux.com/storage/products/deklaracja/en/70941.pdf;;;KAN70941;9684,2;12299;;;1 db;1;14999;52;https://daniella.hu/ventilator-eol-120ht-paraerzekelos-idokapcsolos-kanlux-70941-id-kan70941;2026-09-20T08:04:21.224Z;1;1;2026.09.14;2026.09.14;KAN70941;email:visszaigazolas
VRG-0062;Kanlux ND 12 szellőzőrács hálóval ND12;Kanlux;ND12;5907813634017;Hűtés, fűtés, szellőzéstechnika;Háztartási ventilátorok, szellőzők és tartozékok;/Ventilátorok, szellőzők/Hűtés, fűtés, szellőzéstechnika/;daniella-webshop;Szellőzés;Ventilátorok és rácsok;0,1;db;1656,4;2104;2026.09.14;;;;KANND12;1656,4;2104;;;1 db;1;2565,01;0;https://daniella.hu/kanlux-nd-12-szellozoracs-haloval-nd12-id-kannd12;2026-09-20T08:04:22.113Z;1;1;2026.09.14;2026.09.14;KANND12;email:visszaigazolas
VRG-0063;Villámáram-levezető és túlfeszültség- védelmi készülék PO I 4 280V 12,5kA T1+T2+T3 (B+C+D) KIWA 81.004;KIWA;81004;8586006771196;Villámvédelem;2-es típusú túlfeszültség levezető;/Túlfeszültség-levezetők/Villámvédelem/;daniella-webshop;Villámvédelem és földelés;Túlfeszültség-védelem;;db;32929,4;41820;2026.09.08;https://www.kiwa.sk/wp-content/uploads/2017/11/esPOI-1-1.pdf;;;KIWA81004;32929,4;41820;47042;30;1 db;1;59743;2;https://daniella.hu/villamaram-levezeto-es-tulfeszultseg-vedelmi-keszulek-po-i-4-280v-12-5ka-t1-t2-t3-b-c-d-kiwa-81-004-id-kiwa81004;2026-09-20T08:04:23.486Z;1;1;2026.09.08;2026.09.08;KIWA81004;email:modositas + pdf:Megrendelés visszaigazolás
VRG-0064;PO I 3+1 m 280V túlfeszültség levezető 12,5kA T1+T2+T3 (B+C+D) 81.027 KIWA;KIWA;81027;8586006771431;Villámvédelem;2-es típusú túlfeszültség levezető;/Túlfeszültség-levezetők/Villámvédelem/;daniella-webshop;Villámvédelem és földelés;Túlfeszültség-védelem;;db;34845,3;44254;2026.06.12;https://www.kiwa.sk/wp-content/uploads/2017/11/esPOI-1-1.pdf;;;KIWA81027;34845,3;44254;;;1 db;1;63219;5;https://daniella.hu/po-i-3-1-m-280v-tulfeszultseg-levezeto-12-5ka-t1-t2-t3-b-c-d-81-027-kiwa-id-kiwa81027;2026-09-20T08:04:24.445Z;1;1;2026.06.12;2026.06.12;KIWA81027;email:visszaigazolas + pdf:Ajánlat
VRG-0065;Gipszkarton doboz 2-es, 49mm mély, sárga, légtömített KPL 64-50/2LD NA Kopos;Kopos;KPL64502LDNA;8595568926968;Installáció technika;Süllyesztett kötődobozok és fedelek;/Szerelvény- és kötődobozok/Installáció technika/;daniella-webshop;Szerelvény- és kötődobozok;Gipszkarton dobozok;0,057;db;876;1113;2026.09.01;https://www.kopos.hu/sites/default/files/product_attachments/2023/09/eu_conformity_declaration_boxes_to_hollow_walls_en.pdf;;;KOPKPL64502LDNA;876;1113;;;1 db;1;1483;2837;https://daniella.hu/gipszkarton-doboz-2-es-49mm-mely-sarga-legtomitett-kpl-64-50-2ld-na-kopos-id-kopkpl64502ldna;2026-09-20T08:04:25.350Z;1;2;2026.09.01;2026.09.01;KOPKPL64502LDNA;email:visszaigazolas
VRG-0066;Gipszkarton doboz 3-as, 49mm mély, sárga, légtömített KPL 64-50/3LD NA Kopos;Kopos;KPL64503LDNA;8595568927705;Installáció technika;Süllyesztett kötődobozok és fedelek;/Szerelvény- és kötődobozok/Installáció technika/;daniella-webshop;Szerelvény- és kötődobozok;Gipszkarton dobozok;0,18;db;1239;1574;2026.09.01;https://www.kopos.hu/sites/default/files/product_attachments/2024/12/eu_declaration_double-phase_injection_boxes_kpl_kol_ko_en.pdf;;;KOPKPL64503LDNA;1239;1574;;;1 db;1;2098;978;https://daniella.hu/gipszkarton-doboz-3-as-49mm-mely-sarga-legtomitett-kpl-64-50-3ld-na-kopos-id-kopkpl64503ldna;2026-09-20T08:04:26.342Z;3;6;2026.06.12;2026.09.01;KOPKPL64503LDNA;email:visszaigazolas + pdf:Ajánlat
VRG-0067;Gipszkarton doboz 5-ös, 50mm mély, sárga, légtömített KPL 64-50/5LD NA Kopos;Kopos;KPL64505LDNA;8595568934246;Installáció technika;Süllyesztett kötődobozok és fedelek;/Szerelvény- és kötődobozok/Installáció technika/;daniella-webshop;Szerelvény- és kötődobozok;Gipszkarton dobozok;0,2;db;1857,75;2359;2026.09.01;https://www.kopos.hu/sites/default/files/product_attachments/2024/12/eu_declaration_double-phase_injection_boxes_kpl_kol_ko_en.pdf;;;KOPKPL64505LDNA;1857,75;2359;;;1 db;1;3146,01;224;https://daniella.hu/gipszkarton-doboz-5-os-50mm-mely-sarga-legtomitett-kpl-64-50-5ld-na-kopos-id-kopkpl64505ldna;2026-09-20T08:04:27.285Z;1;2;2026.09.01;2026.09.01;KOPKPL64505LDNA;email:visszaigazolas
VRG-0068;Gipszkarton doboz 1-es, d68mm, 50mm mély, sárga, légtömített KPL 64-50/LD NA Kopos;Kopos;KPL6450LDNA;8595568925299;Installáció technika;Süllyesztett kötődobozok és fedelek;/Szerelvény- és kötődobozok/Installáció technika/;daniella-webshop;Szerelvény- és kötődobozok;Gipszkarton dobozok;0,0245;db;408,85;519;2026.06.17;https://www.kopos.hu/sites/default/files/product_attachments/2024/12/eu_declaration_double-phase_injection_boxes_kpl_kol_ko_en.pdf;;;KOPKPL6450LDNA;408,85;519;;;1 db;1;799;4205;https://daniella.hu/gipszkarton-doboz-1-es-d68mm-50mm-mely-sarga-legtomitett-kpl-64-50-ld-na-kopos-id-kopkpl6450ldna;2026-09-20T08:04:28.195Z;1;1;2026.06.17;2026.06.17;KOPKPL6450LDNA;email:visszaigazolas
VRG-0069;Kötődoboz 100x100 süllyesztett, müds csavaros KOPP 356102005;KOPP;356102005;9008223561026;Installáció technika;Süllyesztett kötődobozok és fedelek;/Szerelvény- és kötődobozok/Installáció technika/;daniella-webshop;Szerelvény- és kötődobozok;Süllyesztett kötődobozok és fedelek;0,066;db;756,13;960;2026.08.05;;;;KOPP356102005;756,13;960;;;1 db;1;1157;45;https://daniella.hu/kotodoboz-100x100mm-sullyesztett-muds-csavaros-kopp-356102005-id-kopp356102005;2026-09-20T08:04:29.066Z;1;2;2026.08.05;2026.08.05;KOPP356102005;email:visszaigazolas
VRG-0070;Parapet csatorna 90x55 fehér, PK 90X55 D HD Kopos (12 fm/köteg);Kopos;K90X55DHD;8595057688056;Installáció technika;Műanyag kábelcsatornák;/Kábelcsatornák/Kábelek, csövek rögzítés technikája/Installáció technika/;daniella-webshop;Installáció technika;Kábelcsatornák és parapetcsatornák;0,855;fm;3186,75;4047;2026.06.12;https://www.kopos.hu/sites/default/files/product_attachments/2026/01/eu_megfelelosegi_nyilatkozat_villanyszerelesi_csatornak_pvc_hu.pdf;;;KOPPK90X55DHD;3186,75;4047;;;;;5396;64;https://daniella.hu/parapet-csatorna-90x55-feher-pk-90x55-d-hd-kopos-12-fm-koteg-id-koppk90x55dhd;2026-09-20T08:04:30.270Z;0;0;;;KOPPK90X55DHD;pdf:Ajánlat
VRG-0071;DFO-16 LEG. 050316 2+F dugvilla. műa. fehér;Legrand;050316;3245060503161;Installáció technika;Dugvillák;/Dugvillák és aljzatok/Installáció technika/;daniella-webshop;Kapcsolók és csatlakozók;Dugvillák és csatlakozók;0,03252;db;480,48;610;2026.07.31;https://3dgroup.cloud/PIM_MIME/MD09_tanusitvany/LEG050316_tanusitvany.pdf;;;LEG050316;480,48;610;;;25 db;25;782;9385;https://daniella.hu/legrand-050316-2p-f-dugvilla-muanyag-feher-oldalso-kivezetessel-id-leg050316;2026-09-20T08:04:31.463Z;1;1;2026.07.31;2026.07.31;LEG050316;email:visszaigazolas
VRG-0072;Plexo 55 falon kívüli 2x2P+F elővezetékezett vízszintes csatlakozóaljzat csapófedéllel, összeszerelt, szürke 069742L Legrand;Legrand;069742L;3414971882232;Szerelvények;Csatlakozóaljzatok;/Szerelvények/;daniella-webshop;Kapcsolók és csatlakozók;Falon kívüli szerelvények;0,2812;db;8221,98;10442;2026.06.12;;;;LEG069742L;8221,98;10442;;;5 db;5;13386,99;62;https://daniella.hu/plexo-55-falon-kivuli-2x2p-f-elovezetekezett-vizszintes-csatlakozoaljzat-csapofedellel-osszeszerelt-szurke-069742l-legrand-id-leg069742l;2026-09-20T08:04:32.458Z;1;1;2026.06.12;2026.06.12;LEG069742L;email:visszaigazolas + pdf:Ajánlat
VRG-0073;LEGRAND 413102 OH kalapsínre szerelhető RJ45 port Cat6 árnyékolt (FTP) 250MHz - 1 Gigabit/s;Legrand;413102;3414971852884;Automatizálás;Adat- és telekommunikáció;/Automatizálás/;daniella-webshop;Gyengeáram és adathálózat;Csatlakozók és aljzatok;0,17;db;2226,12;2827;2026.09.08;;;;LEG413102;2226,12;2827;2854;22;4 db;4;3625;6;https://daniella.hu/legrand-413102-oh-kalapsinre-szerelheto-rj45-port-cat6-arnyekolt-ftp-250mhz---1-gigabit-s-id-leg413102;2026-09-20T08:04:33.513Z;1;2;2026.09.08;2026.09.08;LEG413102;email:modositas + pdf:Megrendelés visszaigazolás
VRG-0074;Legrand 601983 Plexo3 falon kívüli kiselosztó 3sor 36modul IP65;Legrand;601983;3245066019833;Kapcsolóberendezések és szekrények;Lakáselosztók;/Kapcsolóberendezések és szekrények/;daniella-webshop;Elosztók és szekrények;Kiselosztók;4,9;db;34721,7;44097;2026.06.12;https://3dgroup.cloud/PIM_MIME/MD09_tanusitvany/LEG601983_tanusitvany.pdf;;;LEG601983;34721,7;44097;;;1 db;1;56534;51;https://daniella.hu/legrand-601983-plexo3-falon-kivuli-kiseloszto-3sor-36modul-ip65-id-leg601983;2026-09-20T08:04:34.449Z;1;1;2026.06.12;2026.06.12;LEG601983;email:visszaigazolas + pdf:Ajánlat
VRG-0075;Legrand 665001 Niloé 1-es keret, fehér;Legrand;665001;3245066650012;Szerelvények;Keretek;/Szerelvények/;daniella-webshop;Kapcsolók és csatlakozók;Keretek;0,0145;db;223,86;284;2026.06.12;https://3dgroup.cloud/PIM_MIME/MD09_tanusitvany/LEG665001_tanusitvany.pdf;;;LEG665001;223,86;284;;;20 db;20;363,99;16181;https://daniella.hu/legrand-665001-niloe-1-es-keret-feher-id-leg665001;2026-09-20T08:04:35.402Z;1;2;2026.06.12;2026.06.12;LEG665001;email:visszaigazolas + pdf:Ajánlat
VRG-0076;Niloé fehér keret 3-as 665003 Legrand;Legrand;665003;3245066650036;Szerelvények;Keretek;/Szerelvények/;daniella-webshop;Kapcsolók és csatlakozók;Keretek;0,0366;db;748,02;950;2026.06.12;https://3dgroup.cloud/PIM_MIME/MD09_tanusitvany/LEG665003_tanusitvany.pdf;;;LEG665003;748,02;950;;;5 db;5;1218,01;2164;https://daniella.hu/legrand-665003-niloe-3-as-keret-feher-id-leg665003;2026-09-20T08:04:36.395Z;1;1;2026.06.12;2026.06.12;LEG665003;email:visszaigazolas
VRG-0077;Legrand 752101 Valena Life egypólusú kapcsoló 10 AX, fehér;Legrand;752101;3414970462640;Szerelvények;Kapcsolók;/Szerelvények/;daniella-webshop;Kapcsolók és csatlakozók;Süllyesztett kapcsolók;0,0712;db;1790,1;2273;2026.09.08;https://3dgroup.cloud/PIM_MIME/MD09_tanusitvany/LEG752101_tanusitvany.pdf;;;LEG752101;1790,1;2273;2295;22;15 db;15;2915,01;2447;https://daniella.hu/legrand-752101-valena-life-egypolusu-kapcsolo-10-ax-feher-id-leg752101;2026-09-20T08:04:37.885Z;1;3;2026.09.08;2026.09.08;LEG752101;email:modositas + pdf:Megrendelés visszaigazolás
VRG-0078;Legrand 752106 Valena Life váltókapcsoló 10 AX, fehér;Legrand;752106;3414970465351;Szerelvények;Kapcsolók;/Szerelvények/;daniella-webshop;Kapcsolók és csatlakozók;Süllyesztett kapcsolók;0,0711;db;2329,08;2958;2026.09.08;https://3dgroup.cloud/PIM_MIME/MD09_tanusitvany/LEG752106_tanusitvany.pdf;;;LEG752106;2329,08;2958;2986;22;15 db;15;3792;1473;https://daniella.hu/legrand-752106-valena-life-valtokapcsolo-10-ax-feher-id-leg752106;2026-09-20T08:04:38.827Z;1;4;2026.09.08;2026.09.08;LEG752106;email:modositas + pdf:Megrendelés visszaigazolás
VRG-0079;Legrand 752107 Valena Life keresztkapcsoló 10 AX, fehér;Legrand;752107;3414970463852;Szerelvények;Kapcsolók;/Szerelvények/;daniella-webshop;Kapcsolók és csatlakozók;Süllyesztett kapcsolók;0,0813;db;3582,54;4550;2026.09.08;https://3dgroup.cloud/PIM_MIME/MD09_tanusitvany/LEG752107_tanusitvany.pdf;;;LEG752107;3582,54;4550;4593;22;5 db;5;5833;368;https://daniella.hu/legrand-752107-valena-life-keresztkapcsolo-10-ax-feher-id-leg752107;2026-09-20T08:04:39.734Z;1;1;2026.09.08;2026.09.08;LEG752107;email:modositas + pdf:Megrendelés visszaigazolás
VRG-0080;Legrand 753121 Valena Life 2P+F csatlakozóaljzat gyermekvédelem nélkül, rugós, fehér;Legrand;753121;3414970509680;Szerelvények;Csatlakozóaljzatok;/Szerelvények/;daniella-webshop;Kapcsolók és csatlakozók;Süllyesztett csatlakozóaljzatok;0,0768;db;1790,1;2273;2026.09.08;https://3dgroup.cloud/PIM_MIME/MD09_tanusitvany/LEG753121_tanusitvany.pdf;;;LEG753121;1790,1;2273;2295;22;15 db;15;2915,01;3956;https://daniella.hu/legrand-753121-valena-life-2p-f-csatlakozoaljzat-gyermekvedelem-nelkul-rugos-feher-id-leg753121;2026-09-20T08:04:40.622Z;1;25;2026.09.08;2026.09.08;LEG753121;email:modositas + pdf:Megrendelés visszaigazolás
VRG-0081;Legrand 753142 Valena Life 1xRJ45 UTP Cat6 aljzat, fehér;Legrand;753142;3414970475220;Automatizálás;Adat- és telekommunikáció;/Automatizálás/;daniella-webshop;Gyengeáram és adathálózat;Csatlakozók és aljzatok;0,0664;db;4891,38;6212;2026.09.08;https://3dgroup.cloud/PIM_MIME/MD09_tanusitvany/LEG753142_tanusitvany.pdf;;;LEG753142;4891,38;6212;6271;22;5 db;5;7964;184;https://daniella.hu/legrand-753142-valena-life-1xrj45-utp-cat6-aljzat-feher-id-leg753142;2026-09-20T08:04:41.708Z;1;1;2026.09.08;2026.09.08;LEG753142;email:modositas + pdf:Megrendelés visszaigazolás
VRG-0082;Legrand 754001 Valena Life 1-es keret, fehér;Legrand;754001;3414970454201;Szerelvények;Keretek;/Szerelvények/;daniella-webshop;Kapcsolók és csatlakozók;Keretek;0,0168;db;484,38;615;2026.09.08;https://3dgroup.cloud/PIM_MIME/MD09_tanusitvany/LEG754001_tanusitvany.pdf;;;LEG754001;484,38;615;621;22;20 db;20;789;12882;https://daniella.hu/legrand-754001-valena-life-1-es-keret-feher-id-leg754001;2026-09-20T08:04:42.620Z;1;20;2026.09.08;2026.09.08;LEG754001;email:modositas + pdf:Megrendelés visszaigazolás
VRG-0083;Legrand 754002 Valena Life 2-es keret, tetszőleges, fehér;Legrand;754002;3414970454232;Szerelvények;Keretek;/Szerelvények/;daniella-webshop;Kapcsolók és csatlakozók;Keretek;0,0288;db;872,82;1108;2026.09.08;https://3dgroup.cloud/PIM_MIME/MD09_tanusitvany/LEG754002_tanusitvany.pdf;;;LEG754002;872,82;1108;1119;22;10 db;10;1421;1100;https://daniella.hu/legrand-754002-valena-life-2-es-keret-tetszoleges-feher-id-leg754002;2026-09-20T08:04:43.529Z;1;6;2026.09.08;2026.09.08;LEG754002;email:modositas + pdf:Megrendelés visszaigazolás
VRG-0084;Legrand 754005 Valena Life 5-ös keret, tetszőleges, fehér;Legrand;754005;3414970454300;Szerelvények;Keretek;/Szerelvények/;daniella-webshop;Kapcsolók és csatlakozók;Keretek;0,0692;db;2911,74;3698;2026.09.08;https://3dgroup.cloud/PIM_MIME/MD09_tanusitvany/LEG754005_tanusitvany.pdf;;;LEG754005;2911,74;3698;3733;22;10 db;10;4741;480;https://daniella.hu/legrand-754005-valena-life-5-os-keret-tetszoleges-feher-id-leg754005;2026-09-20T08:04:44.407Z;1;1;2026.09.08;2026.09.08;LEG754005;email:modositas + pdf:Megrendelés visszaigazolás
VRG-0085;Valena Life fehér kiemelődoboz 2-es 754192 Legrand;Legrand;754192;3414970453815;Szerelvények;Tartozékok;/Szerelvények/;daniella-webshop;Szerelvény- és kötődobozok;Szerelvénydobozok és fedelek;0,0989;db;3297,06;4187;2026.07.16;https://3dgroup.cloud/PIM_MIME/MD09_tanusitvany/LEG754192_tanusitvany.pdf;;;LEG754192;3297,06;4187;;;5 db;5;5368;63;https://daniella.hu/legrand-754192-valena-life-kiemelodoboz-2-es-feher-id-leg754192;2026-09-20T08:04:45.356Z;1;4;2026.07.16;2026.07.16;LEG754192;email:visszaigazolas
VRG-0086;Niloé fehér 101 egypólusú kapcsoló 764500 Legrand;Legrand;764500;3414970682239;Szerelvények;Kapcsolók;/Szerelvények/;daniella-webshop;Kapcsolók és csatlakozók;Süllyesztett kapcsolók;0,04945;db;674,7;857;2026.06.12;https://3dgroup.cloud/PIM_MIME/MD09_tanusitvany/LEG764500_tanusitvany.pdf;;;LEG764500;674,7;857;;;20 db;20;1098,99;1081;https://daniella.hu/legrand-764500-niloe-egypolusu-kapcsolo-feher-id-leg764500;2026-09-20T08:04:46.259Z;1;2;2026.06.12;2026.06.12;LEG764500;email:visszaigazolas + pdf:Ajánlat
VRG-0087;Niloé fehér 105 csillárkapcsoló 764506 ÚJ! Legrand;Legrand;764506;3414970682123;Szerelvények;Kapcsolók;/Szerelvények/;daniella-webshop;Kapcsolók és csatlakozók;Süllyesztett kapcsolók;0,0562;db;939,12;1193;2026.06.17;https://3dgroup.cloud/PIM_MIME/MD09_tanusitvany/LEG764506_tanusitvany.pdf;;;LEG764506;939,12;1193;;;20 db;20;1529;752;https://daniella.hu/legrand-764506-niloe-csillarkapcsolo-feher-id-leg764506;2026-09-20T08:04:47.175Z;1;1;2026.06.17;2026.06.17;LEG764506;email:visszaigazolas
VRG-0088;Legrand 764539 Niloé 2P+F csatlakozóaljzat gyermekvédelem nélkül, csavaros, fehér;Legrand;764539;3414971000919;Szerelvények;Csatlakozóaljzatok;/Szerelvények/;daniella-webshop;Kapcsolók és csatlakozók;Süllyesztett csatlakozóaljzatok;0,0624;db;646,62;821;2026.06.12;https://3dgroup.cloud/PIM_MIME/MD09_tanusitvany/LEG764539_tanusitvany.pdf;;;LEG764539;646,62;821;;;20 db;20;1053;6994;https://daniella.hu/legrand-764539-niloe-2p-f-csatlakozoaljzat-gyermekvedelem-nelkul-csavaros-feher-id-leg764539;2026-09-20T08:04:48.070Z;1;1;2026.06.12;2026.06.12;LEG764539;email:visszaigazolas + pdf:Ajánlat
VRG-0089;Legrand 782373 Forix 2P+F CSF csatlakozóaljzat csapfedéllel IP44, falon kívüli, biztonsági zsalus (GYV), csavaros, fehér;Legrand;782373;3245067823736;Szerelvények;Csatlakozóaljzatok;/Szerelvények/;daniella-webshop;Kapcsolók és csatlakozók;Falon kívüli szerelvények;0,1235;db;1526,46;1939;2026.09.08;https://3dgroup.cloud/PIM_MIME/MD09_tanusitvany/LEG782373_tanusitvany.pdf;;;LEG782373;1526,46;1939;1957;22;10 db;10;2485;1051;https://daniella.hu/legrand-782373-forix-2p-f-csf-csatlakozoaljzat-csapfedellel-ip44-falon-kivuli-biztonsagi-zsalus-gyv-csavaros-feher-id-leg782373;2026-09-20T08:04:49.004Z;2;3;2026.06.12;2026.09.08;LEG782373;email:modositas + email:visszaigazolas + pdf:Megrendelés visszaigazolás + pdf:Ajánlat
VRG-0090;Legrand 782374 Forix 2x2P+F csatlakozóaljzat csapfedéllel IP44, biztonsági zsalus (GYV), falon kívüli, csavaros, fehér;Legrand;782374;3245067823743;Szerelvények;Csatlakozóaljzatok;/Szerelvények/;daniella-webshop;Kapcsolók és csatlakozók;Falon kívüli szerelvények;0,225;db;2804,88;3562;2026.06.12;https://3dgroup.cloud/PIM_MIME/MD09_tanusitvany/LEG782374_tanusitvany.pdf;;;LEG782374;2804,88;3562;;;5 db;5;4567;797;https://daniella.hu/legrand-782374-forix-2x2p-f-csatlakozoaljzat-csapfedellel-ip44-biztonsagi-zsalus-gyv-falon-kivuli-csavaros-feher-id-leg782374;2026-09-20T08:04:49.968Z;1;1;2026.06.12;2026.06.12;LEG782374;email:visszaigazolas + pdf:Ajánlat
VRG-0091;Forix IP20 fehér 101 egypólusú kapcsoló fk. 782400 Legrand;Legrand;782400;3245067824009;Szerelvények;Kapcsolók;/Szerelvények/;daniella-webshop;Kapcsolók és csatlakozók;Falon kívüli szerelvények;0,043958;db;715,26;908;2026.07.29;https://3dgroup.cloud/PIM_MIME/MD09_tanusitvany/LEG782400_tanusitvany.pdf;;;LEG782400;715,26;908;;;20 db;20;1165;1320,7;https://daniella.hu/legrand-782400-forix-egypolusu-kapcsolo-ip20-falon-kivuli-10ax-250v-feher-id-leg782400;2026-09-20T08:04:51.016Z;2;6;2026.07.24;2026.07.29;LEG782400;email:visszaigazolas
VRG-0092;Forix IP20 fehér 101+101 kettős egypólusú kapcsoló fk. 782402 Legrand;Legrand;782402;3245067824023;Szerelvények;Kapcsolók;/Szerelvények/;daniella-webshop;Kapcsolók és csatlakozók;Falon kívüli szerelvények;0,048458;db;980,46;1245;2026.07.29;https://3dgroup.cloud/PIM_MIME/MD09_tanusitvany/LEG782402_tanusitvany.pdf;;;LEG782402;980,46;1245;;;20 db;20;1596;407;https://daniella.hu/legrand-782402-forix-kettos-egypolusu-kapcsolo-ip20-falon-kivuli-10ax-250v-feher-id-leg782402;2026-09-20T08:04:51.927Z;1;1;2026.07.29;2026.07.29;LEG782402;email:visszaigazolas
VRG-0093;Niloé Step fehér keret 3-as 863193 Legrand;Legrand;863193;3414971836389;Szerelvények;Keretek;/Szerelvények/;daniella-webshop;Kapcsolók és csatlakozók;Keretek;0,2151;db;804,18;1021;2026.06.12;;;;LEG863193;804,18;1021;;;;;1309;1231;https://daniella.hu/niloe-step-feher-keret-3-as-863193-legrand-id-leg863193;2026-09-20T08:04:52.909Z;0;0;;;LEG863193;pdf:Ajánlat
VRG-0094;Sittes zsák vastag 90x55cm;N/A;;;Szerszámok;Fóliák;/Segédanyagok, segédeszközök/Szerszámok/;daniella-webshop;Munkavédelem és segédanyagok;Szerelési segédanyagok;;db;131,14;167;2026.09.08;;;;NVT10009;131,14;167;158;17;25 db;25;201;3072;https://daniella.hu/sittes-zsak-vastag-90x55cm-id-nvt10009;2026-09-20T08:04:53.803Z;1;5;2026.09.08;2026.09.08;NVT10009;email:modositas + pdf:Megrendelés visszaigazolás
VRG-0095;Gégecső toldó 20 MFL20 Inset;Inset;MFL20;8010730002511;Installáció technika;Toldók;/Villanyszerelési védőcsövek és tartozékai/Installáció technika/;daniella-webshop;Installáció technika;Csőidomok, bilincsek, tömszelencék;0,03;db;85,12;108;2026.09.17;;;;NYUGMFL20;85,12;108;;;50 db;50;142;3920;https://daniella.hu/gegecso-toldo-20-mfl20-inset-id-nyugmfl20;2026-09-20T08:04:54.665Z;3;25;2026.07.27;2026.09.17;NYUGMFL20;email:modositas + email:visszaigazolas
VRG-0096;Gégecső toldó 25 MFL25 Inset;Inset;MFL25;8010730002528;Installáció technika;Toldók;/Villanyszerelési védőcsövek és tartozékai/Installáció technika/;daniella-webshop;Installáció technika;Csőidomok, bilincsek, tömszelencék;0,04;db;98,8;125;2026.07.27;;;;NYUGMFL25;98,8;125;;;20 db;20;165;2241;https://daniella.hu/gegecso-toldo-25-mfl25-inset-id-nyugmfl25;2026-09-20T08:04:55.574Z;1;5;2026.07.27;2026.07.27;NYUGMFL25;email:visszaigazolas
VRG-0097;OBO Kötődoboz 85* 85 A11 IP55 2000342;OBO Bettermann;2000342;4012195152170;Installáció technika;Falon kívüli dobozok és fedelek;/Szerelvény- és kötődobozok/Installáció technika/;daniella-webshop;Szerelvény- és kötődobozok;Falon kívüli kötődobozok;0,0455;db;268,45;341;2026.06.12;https://www.obo.hu/out/media/VBS_hu_2000342_A_11_01_03_2021.pdf;;;OBO2000342;268,45;341;;;1 db;1;577;5708;https://daniella.hu/obo-kotodoboz-85-85-a11-ip55-2000342-id-obo2000342;2026-09-20T08:04:56.535Z;1;4;2026.06.12;2026.06.12;OBO2000342;email:visszaigazolas + pdf:Ajánlat
VRG-0098;Kötődoboz 100x100x38 A14 OBO 2000378 sorkapocs nélkül PE IP55 világosszürke;OBO Bettermann;2000378;4012195917090;Installáció technika;Falon kívüli dobozok és fedelek;/Szerelvény- és kötődobozok/Installáció technika/;daniella-webshop;Szerelvény- és kötődobozok;Falon kívüli kötődobozok;0,05855;db;496,91;631;2026.09.08;https://www.obo.hu/out/media/VBS_hu_2000378_A_14_01_03_2021.pdf;;;OBO2000378;496,91;631;629;21;1 db;1;799;3207;https://daniella.hu/kotodoboz-100x100x38-a14-obo-2000378-sorkapocs-nelkul-pe-ip55-vilagosszurke-id-obo2000378;2026-09-20T08:04:57.479Z;1;4;2026.09.08;2026.09.08;OBO2000378;email:modositas + pdf:Megrendelés visszaigazolás
VRG-0099;Műanyag doboz 65mm, perforált, sorolható, 46mm mély, UG 46 2003700 OBO;OBO Bettermann;2003700;4012196689897;Installáció technika;Süllyesztett kötődobozok és fedelek;/Szerelvény- és kötődobozok/Installáció technika/;daniella-webshop;Szerelvény- és kötődobozok;Szerelvénydobozok és fedelek;0,0193;db;53,72;68;2026.09.08;https://www.obo.hu/out/media/VBS_hu_2003700_UG_46_05_05_2021.pdf;;;OBO2003700;53,72;68;68;21;25 db;25;86,36;15067;https://daniella.hu/muanyag-doboz-65mm-perforalt-sorolhato-46mm-mely-ug-46-2003700-obo-id-obo2003700;2026-09-20T08:04:58.586Z;1;15;2026.09.08;2026.09.08;OBO2003700;email:modositas + pdf:Megrendelés visszaigazolás
VRG-0100;Műanyag doboz 65mm, perforált, sorolható, 66mm mély, UG 66 2003702 OBO;OBO Bettermann;2003702;4012196689910;Installáció technika;Süllyesztett kötődobozok és fedelek;/Szerelvény- és kötődobozok/Installáció technika/;daniella-webshop;Szerelvény- és kötődobozok;Szerelvénydobozok és fedelek;0,0239;db;83,74;106;2026.09.08;https://www.obo.hu/out/media/VBS_hu_2003702_UG_66_05_05_2021.pdf;;;OBO2003702;83,74;106;106;21;25 db;25;135;10231;https://daniella.hu/muanyag-doboz-65mm-perforalt-sorolhato-66mm-mely-ug-66-2003702-obo-id-obo2003702;2026-09-20T08:04:59.634Z;1;10;2026.09.08;2026.09.08;OBO2003702;email:modositas + pdf:Megrendelés visszaigazolás
VRG-0101;OBO X16 H25 GNP5 LGR Leágazódoboz f vezetéki sorkapoccsal 240x191x125 világosszürke 2005312;OBO Bettermann;2005312;4012196585861;Installáció technika;Falon kívüli dobozok és fedelek;/Szerelvény- és kötődobozok/Installáció technika/;daniella-webshop;Szerelvény- és kötődobozok;Falon kívüli kötődobozok;1,11;db;20778,58;26389;2026.09.04;https://www.obo.hu/out/media/VBS_hu_2005312_X16_H25_GNP5_LGR_12_01_2021.pdf;;;OBO2005312;20778,58;26389;;;1 db;1;33404;2;https://daniella.hu/obo-x16-h25-gnp5-lgr-leagazodoboz-f-vezeteki-sorkapoccsal-240x191x125-vilagosszurke-2005312-id-obo2005312;2026-09-20T08:05:00.642Z;2;4;2026.08.27;2026.09.04;OBO2005312;email:modositas + email:beerkezes + xlsx/mail:anyagar_sablon_Laci.xlsx + Anyagok Forgáchba.eml
VRG-0102;Tömszelence M32 +anya 15-21mm IP68 V-TEC VM32+ LGR szürke 2022770 OBO;OBO Bettermann;2022770;4012195860969;Installáció technika;Tömszelencék;/Tömszelencék és szigetelő gyűrűk/Installáció technika/;daniella-webshop;Installáció technika;Csőidomok, bilincsek, tömszelencék;0,0284;db;;;;https://www.obo.hu/out/media/VBS_hu_2022770_V-TEC_VM32+_LGR_25_01_2021.pdf;;;OBO2022770;;;;;;;1271;6;https://daniella.hu/tomszelence-m32-anya-15-21mm-ip68-v-tec-vm32-lgr-szurke-2022770-obo-id-obo2022770;2026-09-20T08:05:01.652Z;1;8;2026.08.27;2026.08.27;OBO2022770;email:beerkezes + xlsx/mail:anyagar_sablon_Laci.xlsx + Anyagok Forgáchba.eml
VRG-0103;Csőbilincs D-20 OBO M20 2955 /Mü.II/ Quick 2149010;OBO Bettermann;2149010;4012195583936;Installáció technika;Csőbilincsek;/Kábelek, csövek rögzítés technikája/Installáció technika/;daniella-webshop;Installáció technika;Csőidomok, bilincsek, tömszelencék;0,00325;db;31,6;40;2026.09.10;https://www.obo.hu/out/media/VBS_hu_2149010_2955_M20_28_06_2021.pdf;;;OBO2149010;31,6;40;40;21;100 db;100;50,8;101589;https://daniella.hu/obo-quick-csobilincs-m20-2955-mu-ii-2149010-id-obo2149010;2026-09-20T08:05:02.541Z;3;140;2026.08.05;2026.09.10;OBO2149010;email:modositas + email:visszaigazolas + pdf:Megrendelés visszaigazolás
VRG-0104;Csőbilincs D-25 OBO M25 2955 /MÜ.II/ Quick 2149016;OBO Bettermann;2149016;4012195583998;Installáció technika;Csőbilincsek;/Kábelek, csövek rögzítés technikája/Installáció technika/;daniella-webshop;Installáció technika;Csőidomok, bilincsek, tömszelencék;0,0043;db;52,14;66;2026.08.05;https://www.obo.hu/out/media/VBS_hu_2149016_2955_M25_28_06_2021.pdf;;;OBO2149016;52,14;66;;;100 db;100;83,82;52490;https://daniella.hu/obo-quick-csobilincs-m25-2955-mu-ii-2149016-id-obo2149016;2026-09-20T08:05:03.618Z;2;120;2026.06.12;2026.08.05;OBO2149016;email:visszaigazolas + pdf:Ajánlat
VRG-0105;Csőbilincs D-32 OBO M32 2955 /Mü.II/ Quick 2149022;OBO Bettermann;2149022;4012195584056;Installáció technika;Csőbilincsek;/Kábelek, csövek rögzítés technikája/Installáció technika/;daniella-webshop;Installáció technika;Csőidomok, bilincsek, tömszelencék;0,0062;db;81,37;103;2026.09.14;https://www.obo.hu/out/media/VBS_hu_2149022_2955_M32_28_06_2021.pdf;;;OBO2149022;81,37;103;;;50 db;50;131;18329;https://daniella.hu/obo-quick-csobilincs-m32-2955-mu-ii-2149022-id-obo2149022;2026-09-20T08:05:04.798Z;2;30;2026.08.27;2026.09.14;OBO2149022;email:visszaigazolas + email:beerkezes + xlsx/mail:anyagar_sablon_Laci.xlsx + Anyagok Forgáchba.eml
VRG-0106;OBO bilincs 2037 6-13mm 2250136;OBO Bettermann;2250136;4012195221357;Installáció technika;Kábelbilincsek;/Kábelek, csövek rögzítés technikája/Installáció technika/;daniella-webshop;Installáció technika;Csőidomok, bilincsek, tömszelencék;0,00359;db;65,57;83;2026.06.12;https://www.obo.hu/out/media/VBS_hu_2250136_2037_6-13_LGR_19_03_2021.pdf;;;OBO2250136;65,57;83;;;1 db;1;105;25392;https://daniella.hu/obo-bilincs-2037-6-13mm-2250136-id-obo2250136;2026-09-20T08:05:05.759Z;1;25;2026.06.12;2026.06.12;OBO2250136;email:visszaigazolas + pdf:Ajánlat
VRG-0107;OBO bilincs 2037 12-20mm 2250209;OBO Bettermann;2250209;4012195221418;Installáció technika;Kábelbilincsek;/Kábelek, csövek rögzítés technikája/Installáció technika/;daniella-webshop;Installáció technika;Csőidomok, bilincsek, tömszelencék;0,00572;db;94,8;120;2026.08.24;https://www.obo.hu/out/media/VBS_hu_2250209_2037_12-20_LGR_19_03_2021.pdf;;;OBO2250209;94,8;120;;;1 db;1;152,01;7307;https://daniella.hu/obo-bilincs-2037-12-20mm-2250209-id-obo2250209;2026-09-20T08:05:06.661Z;1;100;2026.08.24;2026.08.24;OBO2250209;email:visszaigazolas + xlsx/mail:deseo2 másolata.xlsx
VRG-0108;OBO 219 20 ST FT rúdföldelő standard 1,5m 5000750 helyette ideiglenesen: OBO5000947;OBO Bettermann;;4012195814450;Villámvédelem;Rúdföldelő és tartozékok;/Földelési rendszerek/Villámvédelem/;daniella-webshop;Villámvédelem és földelés;Földelők és földelő tartozékok;3,7;db;8080,91;10263;2026.09.08;https://www.obo.hu/out/media/02-200_EGK_219.pdf;;;OBO5000750XXX1;8080,91;10263;;;1 db;1;12991;56;https://daniella.hu/obo-219-20-st-ft-rudfoldelo-standard-1-5m-5000750-id-obo5000750xxx1;2026-09-20T08:05:07.542Z;2;6;2026.07.06;2026.09.08;OBO5000750XXX1;email:modositas + email:visszaigazolas + xlsx/mail:anyagar_sablon50_garázs földelés.xlsx
VRG-0109;OBO 2760 20 FT csatlakozóbilincs kör- és laposvezetőhöz 20mm 5001641;OBO Bettermann;5001641;4012195372912;Villámvédelem;Rúdföldelő és tartozékok;/Földelési rendszerek/Villámvédelem/;daniella-webshop;Villámvédelem és földelés;Földelők és földelő tartozékok;0,275;db;2813,19;3573;2026.09.08;https://www.obo.hu/out/media/02-200_EGK_2760.pdf;;;OBO5001641;2813,19;3573;;;1 db;1;4522;26;https://daniella.hu/obo-2760-20-ft-csatlakozobilincs-kor--es-laposvezetohoz-20mm-5001641-id-obo5001641;2026-09-20T08:05:08.466Z;1;1;2026.09.08;2026.09.08;OBO5001641;email:modositas + email:visszaigazolas + xlsx/mail:anyagar_sablon50_garázs földelés.xlsx
VRG-0110;Fővezeték sorkapocs 2x 25/2x16mm2 szürke HLAK 25-1/2 M2, 2080136 Pollmann;Pollmann;2080136;4025221400671;Energiaelosztás;Fővezeték sorkapcsok, elosztókapcsok és elosztóblokkok;/Áramelosztás/Energiaelosztás/;daniella-webshop;Kötéstechnika;Fővezetéki sorkapcsok;0,05;db;927,11;1177;2026.08.25;https://3dgroup.cloud/PIM_MIME/MD09_tanusitvany/POL2080136_tanusitvany.pdf;;;POL2080136;927,11;1177;;;1 db;1;1419;312;https://daniella.hu/fovezetek-sorkapocs-2x-25-2x16mm2-szurke-hlak-25-1-2-m2-2080136-pollmann-id-pol2080136;2026-09-20T08:05:09.661Z;1;1;2026.08.25;2026.08.25;POL2080136;email:visszaigazolas
VRG-0111;Fővezeték sorkapocs 2x 25/2x16mm2 kék HLAK 25-1/2 M2, 2080137 Pollmann;Pollmann;2080137;4025221400688;Energiaelosztás;Fővezeték sorkapcsok, elosztókapcsok és elosztóblokkok;/Áramelosztás/Energiaelosztás/;daniella-webshop;Kötéstechnika;Fővezetéki sorkapcsok;0,08;db;927,11;1177;2026.08.25;https://3dgroup.cloud/PIM_MIME/MD09_tanusitvany/POL2080137_tanusitvany.pdf;;;POL2080137;927,11;1177;;;1 db;1;1419;236;https://daniella.hu/fovezetek-sorkapocs-2x-25-2x16mm2-kek-hlak-25-1-2-m2-2080137-pollmann-id-pol2080137;2026-09-20T08:05:10.568Z;1;1;2026.08.25;2026.08.25;POL2080137;email:visszaigazolas
VRG-0112;Fővezeték sorkapocs 2x 25/2x16mm2 z/s HLAK 25-1/2 M2, 2080138 Pollmann;Pollmann;2080138;4025221400695;Energiaelosztás;Fővezeték sorkapcsok, elosztókapcsok és elosztóblokkok;/Áramelosztás/Energiaelosztás/;daniella-webshop;Kötéstechnika;Fővezetéki sorkapcsok;0,08;db;927,11;1177;2026.08.25;https://3dgroup.cloud/PIM_MIME/MD09_tanusitvany/POL2080138_tanusitvany.pdf;;;POL2080138;927,11;1177;;;1 db;1;1419;196;https://daniella.hu/fovezetek-sorkapocs-2x-25-2x16mm2-z-s-hlak-25-1-2-m2-2080138-pollmann-id-pol2080138;2026-09-20T08:05:11.453Z;2;2;2026.07.13;2026.08.25;POL2080138;email:visszaigazolas
VRG-0113;Fővezeték sorkapocs 2x 35/6x25mm2 szürke HLAK 35-1/6 M2, 2080183 Pollmann;Pollmann;2080183;4025221401357;Energiaelosztás;Fővezeték sorkapcsok, elosztókapcsok és elosztóblokkok;/Áramelosztás/Energiaelosztás/;daniella-webshop;Kötéstechnika;Fővezetéki sorkapcsok;0,1;db;2720,74;3455;2026.07.09;https://3dgroup.cloud/PIM_MIME/MD09_tanusitvany/POL2080183_tanusitvany.pdf;;;POL2080183;2720,74;3455;;;1 db;1;4163;171;https://daniella.hu/fovezetek-sorkapocs-2x-35-6x25mm2-szurke-hlak-35-1-6-m2-2080183-pollmann-id-pol2080183;2026-09-20T08:05:12.693Z;1;1;2026.07.09;2026.07.09;POL2080183;email:visszaigazolas
VRG-0114;Fővezeték sorkapocs 2x 35/6x25mm2 kék HLAK 35-1/6 M2, 2080184 Pollmann;Pollmann;2080184;4025221401364;Energiaelosztás;Fővezeték sorkapcsok, elosztókapcsok és elosztóblokkok;/Áramelosztás/Energiaelosztás/;daniella-webshop;Kötéstechnika;Fővezetéki sorkapcsok;0,152;db;2720,74;3455;2026.07.09;https://3dgroup.cloud/PIM_MIME/MD09_tanusitvany/POL2080184_tanusitvany.pdf;;;POL2080184;2720,74;3455;;;1 db;1;4163;140;https://daniella.hu/fovezetek-sorkapocs-2x-35-6x25mm2-kek-hlak-35-1-6-m2-2080184-pollmann-id-pol2080184;2026-09-20T08:05:13.584Z;1;1;2026.07.09;2026.07.09;POL2080184;email:visszaigazolas
VRG-0115;Fővezeték sorkapocs 2x 35/6x25mm2 zöld HLAK 35-1/6 M2, 2080185 Pollmann;Pollmann;2080185;4025221401371;Energiaelosztás;Fővezeték sorkapcsok, elosztókapcsok és elosztóblokkok;/Áramelosztás/Energiaelosztás/;daniella-webshop;Kötéstechnika;Fővezetéki sorkapcsok;0,153;db;2720,74;3455;2026.07.17;https://3dgroup.cloud/PIM_MIME/MD09_tanusitvany/POL2080185_tanusitvany.pdf;;;POL2080185;2720,74;3455;;;1 db;1;4163;149;https://daniella.hu/fovezetek-sorkapocs-2x-35-6x25mm2-zold-hlak-35-1-6-m2-2080185-pollmann-id-pol2080185;2026-09-20T08:05:14.713Z;1;1;2026.07.17;2026.07.17;POL2080185;email:visszaigazolas
VRG-0116;Védőkesztyű, precíziós nitril, fekete, XL- es GP Grip 18 A374K8RXL Portwest;Portwest;A374K8RXL;5036108444908;Munkavédelem, védőruházat;Védőkesztyűk, kézvédők;/Munkavédelem, védőruházat/;daniella-webshop;Munkavédelem és segédanyagok;Munkavédelem;0,999;pár;1127,7;1432;2026.09.08;https://documents.portwest.com/declaration_eu.php?style=A374&lang=HU&itemcol=A374K8R;;;PORA374K8RXL;1127,7;1432;1253;10;1 pár;1;1591,01;478;https://daniella.hu/vedokesztyu-precizios-nitril-fekete-xl-es-gp-grip-18-a374k8rxl-portwest-id-pora374k8rxl;2026-09-20T08:05:16.162Z;1;2;2026.09.08;2026.09.08;PORA374K8RXL;email:modositas + pdf:Megrendelés visszaigazolás
VRG-0117;ASFORA fehér 106 rugós kerettel EPH0400121;Schneider Electric;EPH0400121;3606480525087;Szerelvények;Kapcsolók;/Szerelvények/;daniella-webshop;Kapcsolók és csatlakozók;Süllyesztett kapcsolók;0,0724;db;1035;1314;2026.07.27;https://checkaproduct.se.com/DistantRequestDispatcher.aspx?action=exportPdfReach&pid=267738286&lang=hu-hu;;;SCHEPH0400121;1035;1314;;;10 db;10;1752,99;49493;https://daniella.hu/asfora-valtokapcsolo-rugos-bekotes-kerettel-feher-106-eph0400121-schneider-id-scheph0400121;2026-09-20T08:05:17.348Z;1;2;2026.07.27;2026.07.27;SCHEPH0400121;email:visszaigazolas
VRG-0118;ASFORA fehér 2P+F csatlakozóaljzat kerettel EPH2900121;Schneider Electric;EPH2900121;3606480526084;Szerelvények;Csatlakozóaljzatok;/Szerelvények/;daniella-webshop;Kapcsolók és csatlakozók;Süllyesztett csatlakozóaljzatok;0,07925;db;874,5;1111;2026.07.27;https://checkaproduct.se.com/DistantRequestDispatcher.aspx?action=exportPdfReach&pid=267736190&lang=hu-hu;;;SCHEPH2900121;874,5;1111;;;10 db;10;1481;95078;https://daniella.hu/asfora-2p-f-csatlakozoaljzat-csavaros-kerettel-feher-eph2900121-schneider-id-scheph2900121;2026-09-20T08:05:18.287Z;1;15;2026.07.27;2026.07.27;SCHEPH2900121;email:visszaigazolas
VRG-0119;ASFORA fehér 2P+F csatlakozóaljzat, keret nélkül! EPH2970121 (120 db-os);Schneider Electric;EPH2970121;3606480987083;Szerelvények;Csatlakozóaljzatok;/Szerelvények/;daniella-webshop;Kapcsolók és csatlakozók;Süllyesztett csatlakozóaljzatok;0,069;db;854,4;1085;2026.08.24;https://checkaproduct.se.com/DistantRequestDispatcher.aspx?action=exportPdfReach&pid=487226323&lang=hu-hu;;;SCHEPH2970121;854,4;1085;;;120 db;120;1356;173933;https://daniella.hu/asfora-2p-f-aljzat-csavaros-keret-nelkul-feher-eph2970121-id-scheph2970121;2026-09-20T08:05:19.384Z;1;3;2026.08.24;2026.08.24;SCHEPH2970121;email:visszaigazolas
VRG-0120;ASFORA fehér 2P+F CSF csapfedeles kerettel EPH3100121;Schneider Electric;EPH3100121;3606480526268;Szerelvények;Csatlakozóaljzatok;/Szerelvények/;daniella-webshop;Kapcsolók és csatlakozók;Süllyesztett csatlakozóaljzatok;0,08575;db;1996,8;2536;2026.09.01;https://checkaproduct.se.com/DistantRequestDispatcher.aspx?action=exportPdfReach&pid=267737330&lang=hu-hu;;;SCHEPH3100121;1996,8;2536;;;10 db;10;3170;9476;https://daniella.hu/asfora-2p-f-csatlakozoaljzat-csapfedeles-csavaros-kerettel-feher-eph3100121-schneider-id-scheph3100121;2026-09-20T08:05:20.410Z;1;2;2026.09.01;2026.09.01;SCHEPH3100121;email:visszaigazolas
VRG-0121;ASFORA fehér TV aljzat végzáró 1 dB kerettel EPH3200121;Schneider Electric;EPH3200121;3606480526329;Installáció technika;Antenna technika;/Installáció technika/;daniella-webshop;Gyengeáram és adathálózat;Csatlakozók és aljzatok;0,0878;db;1824,75;2317;2026.07.31;https://checkaproduct.se.com/DistantRequestDispatcher.aspx?action=exportPdfReach&pid=268060389&lang=hu-hu;;;SCHEPH3200121;1824,75;2317;;;10 db;10;3090;4135;https://daniella.hu/asfora-tv-aljzat-vegzaro-1-db-kerettel-feher-eph3200121-schneider-id-scheph3200121;2026-09-20T08:05:21.421Z;2;2;2026.07.29;2026.07.31;SCHEPH3200121;email:visszaigazolas
VRG-0122;ASFORA fehér 1xRJ45 Cat5e UTP aljzat, kerettel EPH4300121;Schneider Electric;EPH4300121;3606480526930;Automatizálás;Adat- és telekommunikáció;/Automatizálás/;daniella-webshop;Gyengeáram és adathálózat;Csatlakozók és aljzatok;0,06575;db;2865,75;3640;2026.07.29;https://checkaproduct.se.com/DistantRequestDispatcher.aspx?action=exportPdfReach&pid=268060401&lang=hu-hu;;;SCHEPH4300121;2865,75;3640;;;10 db;10;4853;828;https://daniella.hu/asfora-1xrj45-cat5e-utp-aljzat-kerettel-feher-eph4300121-schneider-id-scheph4300121;2026-09-20T08:05:22.542Z;1;1;2026.07.29;2026.07.29;SCHEPH4300121;email:visszaigazolas
VRG-0123;ASFORA fehér 1xRJ45 Cat6 UTP aljzat, kerettel EPH4700121;Schneider Electric;EPH4700121;3606480527012;Automatizálás;Adat- és telekommunikáció;/Automatizálás/;daniella-webshop;Gyengeáram és adathálózat;Csatlakozók és aljzatok;0,06475;db;4011,2;5094;2026.09.01;https://checkaproduct.se.com/DistantRequestDispatcher.aspx?action=exportPdfReach&pid=268060397&lang=hu-hu;;;SCHEPH4700121;4011,2;5094;;;10 db;10;6368;3907;https://daniella.hu/asfora-1xrj45-cat6-utp-aljzat-kerettel-feher-eph4700121-schneider-id-scheph4700121;2026-09-20T08:05:23.468Z;1;2;2026.09.01;2026.09.01;SCHEPH4700121;email:visszaigazolas
VRG-0124;ASFORA fehér keret 2-es, vízszintes EPH5800221;Schneider Electric;EPH5800221;3606480527180;Szerelvények;Keretek;/Szerelvények/;daniella-webshop;Kapcsolók és csatlakozók;Keretek;0,0215;db;485,6;617;2026.08.31;https://checkaproduct.se.com/DistantRequestDispatcher.aspx?action=exportPdfReach&pid=267739087&lang=hu-hu;;;SCHEPH5800221;485,6;617;;;25 db;25;771;80880;https://daniella.hu/asfora-kettes-keret-vizszintes-feher-eph5800221-schneider-id-scheph5800221;2026-09-20T08:05:24.527Z;2;2;2026.07.27;2026.08.31;SCHEPH5800221;email:visszaigazolas
VRG-0125;ASFORA fehér keret 3-as, vízszintes EPH5800321;Schneider Electric;EPH5800321;3606480527203;Szerelvények;Keretek;/Szerelvények/;daniella-webshop;Kapcsolók és csatlakozók;Keretek;0,0295;db;729,75;927;2026.07.31;https://checkaproduct.se.com/DistantRequestDispatcher.aspx?action=exportPdfReach&pid=267740052&lang=hu-hu;;;SCHEPH5800321;729,75;927;;;15 db;15;1236;28167;https://daniella.hu/asfora-harmas-keret-vizszintes-feher-eph5800321-schneider-id-scheph5800321;2026-09-20T08:05:25.483Z;1;1;2026.07.31;2026.07.31;SCHEPH5800321;email:visszaigazolas
VRG-0126;ASFORA fehér keret 4-es, vízszintes EPH5800421;Schneider Electric;EPH5800421;3606480527227;Szerelvények;Keretek;/Szerelvények/;daniella-webshop;Kapcsolók és csatlakozók;Keretek;0,0395;db;1139,2;1447;2026.09.16;https://checkaproduct.se.com/DistantRequestDispatcher.aspx?action=exportPdfReach&pid=267741347&lang=hu-hu;;;SCHEPH5800421;1139,2;1447;;;1 db;1;1808;8924;https://daniella.hu/asfora-negyes-keret-vizszintes-feher-eph5800421-schneider-id-scheph5800421;2026-09-20T08:05:26.472Z;3;3;2026.07.27;2026.09.16;SCHEPH5800421;email:visszaigazolas
VRG-0127;EASY9 PRO Moduláris csengő, 230VAC EZ9A34223 Schneider;Schneider Electric;EZ9A34223;3606481594044;Energiaelosztás;Egyéb sínre szerelhető moduláris készülékek;/Sínre szerelhető moduláris készülékek/Energiaelosztás/;daniella-webshop;Kismegszakítók és védelmek;Moduláris készülékek;0,059;db;4276,8;5432;2026.07.09;;;;SCHEZ9A34223;4276,8;5432;;;12 db;12;6789;62;https://daniella.hu/easy9-pro-modularis-csengo-230vac-ez9a34223-schneider-id-schez9a34223;2026-09-20T08:05:27.638Z;1;1;2026.07.09;2026.07.09;SCHEZ9A34223;email:visszaigazolas
VRG-0128;Kiselosztó falonkívüli 1/12 átlátszó ajtóval IP40 PE/N sínnel Easy9 EU EZ9EUC112;Schneider Electric;EZ9EUC112;3606486370063;Kapcsolóberendezések és szekrények;Lakáselosztók;/Kapcsolóberendezések és szekrények/;daniella-webshop;Elosztók és szekrények;Kiselosztók;0,85;db;4456;5659;2026.08.25;https://checkaproduct.se.com/DistantRequestDispatcher.aspx?action=exportPdfReach&pid=578793989&lang=hu-hu;;;SCHEZ9EUC112;4456;5659;;;1 db;1;7074;1879;https://daniella.hu/kiseloszto-falonkivuli-1soros-12-modulos-fustszinu-ajtoval-ip40-pe-n-sinnel-easy9-eu-ez9euc112-id-schez9euc112;2026-09-20T08:05:28.620Z;1;1;2026.08.25;2026.08.25;SCHEZ9EUC112;email:visszaigazolas
VRG-0129;Kiselosztó falonkívüli 2/24 átlátszó ajtóval IP40 PE/N sínnel Easy9 EU EZ9EUC212;Schneider Electric;EZ9EUC212;3606486370070;Kapcsolóberendezések és szekrények;Lakáselosztók;/Kapcsolóberendezések és szekrények/;daniella-webshop;Elosztók és szekrények;Kiselosztók;1,25;db;8057,6;10233;2026.08.05;https://checkaproduct.se.com/DistantRequestDispatcher.aspx?action=export&pid=578793999&lang=en-us;;;SCHEZ9EUC212;8057,6;10233;;;1 db;1;12791;719;https://daniella.hu/kiseloszto-falonkivuli-2soros-24-modulos-fustszinu-ajtoval-ip40-pe-n-sinnel-easy9-eu-ez9euc212-id-schez9euc212;2026-09-20T08:05:29.494Z;1;1;2026.08.05;2026.08.05;SCHEZ9EUC212;email:visszaigazolas
VRG-0130;Kiselosztó falonkívüli 3/36 átlátszó ajtóval IP40 PE/N sínnel Easy9 EU EZ9EUC312;Schneider Electric;EZ9EUC312;3606486370087;Kapcsolóberendezések és szekrények;Lakáselosztók;/Kapcsolóberendezések és szekrények/;daniella-webshop;Elosztók és szekrények;Kiselosztók;1,7;db;10997,6;13967;2026.08.25;https://checkaproduct.se.com/DistantRequestDispatcher.aspx?action=exportPdfReach&pid=578125411&lang=hu-hu;;;SCHEZ9EUC312;10997,6;13967;;;1 db;1;17458,99;105;https://daniella.hu/kiseloszto-falonkivuli-3soros-36-modulos-fustszinu-ajtoval-ip40-pe-n-sinnel-easy9-eu-ez9euc312-id-schez9euc312;2026-09-20T08:05:30.419Z;1;1;2026.08.25;2026.08.25;SCHEZ9EUC312;email:visszaigazolas
VRG-0131;1B 6A 6kA Schneider EASY9 PRO EZ9F27106 kismegszakító;Schneider Electric;EZ9F27106;3606486825440;Energiaelosztás;Kismegszakítók;/Sínre szerelhető moduláris készülékek/Energiaelosztás/;daniella-webshop;Kismegszakítók és védelmek;Kismegszakítók;0,1;db;1228;1560;2026.07.09;https://download.schneider-electric.com/files?p_Doc_Ref=DOC_EU_Easy9-PRO-NH;;;SCHEZ9F27106;1228;1560;;;12 db;12;1949,01;1727;https://daniella.hu/kismegszakito-1b-6a-6ka-easy9-pro-ez9f27106-schneider-id-schez9f27106;2026-09-20T08:05:31.383Z;1;1;2026.07.09;2026.07.09;SCHEZ9F27106;email:visszaigazolas
VRG-0132;1B 10A 6kA Schneider EASY9 PRO EZ9F27110 kismegszakító;Schneider Electric;EZ9F27110;3606486825457;Energiaelosztás;Kismegszakítók;/Sínre szerelhető moduláris készülékek/Energiaelosztás/;daniella-webshop;Kismegszakítók és védelmek;Kismegszakítók;0,1;db;1145,6;1455;2026.07.09;https://download.schneider-electric.com/files?p_Doc_Ref=DOC_EU_Easy9-PRO-NH;;;SCHEZ9F27110;1145,6;1455;;;12 db;12;1819;3791;https://daniella.hu/kismegszakito-1b-10a-6ka-easy9-pro-ez9f27110-schneider-id-schez9f27110;2026-09-20T08:05:32.268Z;1;4;2026.07.09;2026.07.09;SCHEZ9F27110;email:visszaigazolas
VRG-0133;1C 6A 6kA Schneider EASY9 PRO EZ9F57106 kismegszakító;Schneider Electric;EZ9F57106;3606486825082;Energiaelosztás;Kismegszakítók;/Sínre szerelhető moduláris készülékek/Energiaelosztás/;daniella-webshop;Kismegszakítók és védelmek;Kismegszakítók;0,1;db;1145,6;1455;2026.09.08;https://download.schneider-electric.com/files?p_Doc_Ref=DOC_EU_Easy9-PRO-NH;;;SCHEZ9F57106;1145,6;1455;1432;20;12 db;12;1819;1946;https://daniella.hu/kismegszakito-1c-6a-6ka-easy9-pro-ez9f57106-schneider-id-schez9f57106;2026-09-20T08:05:33.325Z;1;6;2026.09.08;2026.09.08;SCHEZ9F57106;email:modositas + pdf:Megrendelés visszaigazolás
VRG-0134;1C 10A 6kA Schneider EASY9 PRO EZ9F57110 kismegszakító;Schneider Electric;EZ9F57110;3606486825099;Energiaelosztás;Kismegszakítók;/Sínre szerelhető moduláris készülékek/Energiaelosztás/;daniella-webshop;Kismegszakítók és védelmek;Kismegszakítók;0,1;db;1063,2;1350;2026.09.08;https://download.schneider-electric.com/files?p_Doc_Ref=DOC_EU_Easy9-PRO-NH;;;SCHEZ9F57110;1063,2;1350;1329;20;12 db;12;1688;7686;https://daniella.hu/kismegszakito-1c-10a-6ka-easy9-pro-ez9f57110-schneider-id-schez9f57110;2026-09-20T08:05:34.207Z;5;22;2026.06.12;2026.09.08;SCHEZ9F57110;email:modositas + email:visszaigazolas + pdf:Megrendelés visszaigazolás + pdf:Ajánlat
VRG-0135;1C 13A 6kA Schneider EASY9 PRO EZ9F57113 kismegszakító;Schneider Electric;EZ9F57113;3606487610632;Energiaelosztás;Kismegszakítók;/Sínre szerelhető moduláris készülékek/Energiaelosztás/;daniella-webshop;Kismegszakítók és védelmek;Kismegszakítók;0,107;db;980,8;1246;2026.08.25;https://download.schneider-electric.com/files?p_Doc_Ref=FD25040101_EU1006166-0;;;SCHEZ9F57113;980,8;1246;;;12 db;12;1556,99;62316;https://daniella.hu/kismegszakito-1c-13a-6ka-easy9-pro-ez9f57113-schneider-id-schez9f57113;2026-09-20T08:05:35.154Z;4;23;2026.06.12;2026.08.25;SCHEZ9F57113;email:visszaigazolas + pdf:Ajánlat
VRG-0136;1C 16A 6kA Schneider EASY9 PRO EZ9F57116 kismegszakító;Schneider Electric;EZ9F57116;3606486825105;Energiaelosztás;Kismegszakítók;/Sínre szerelhető moduláris készülékek/Energiaelosztás/;daniella-webshop;Kismegszakítók és védelmek;Kismegszakítók;0,104;db;920;1168;2026.09.08;https://download.schneider-electric.com/files?p_Doc_Ref=DOC_EU_Easy9-PRO-NH;;;SCHEZ9F57116;920;1168;1150;20;12 db;12;1460;23155;https://daniella.hu/kismegszakito-1c-16a-6ka-easy9-pro-ez9f57116-schneider-id-schez9f57116;2026-09-20T08:05:36.088Z;6;22;2026.06.12;2026.09.08;SCHEZ9F57116;email:modositas + email:visszaigazolas + pdf:Megrendelés visszaigazolás + pdf:Ajánlat
VRG-0137;1C 20A 6kA Schneider EASY9 PRO EZ9F57120 kismegszakító;Schneider Electric;EZ9F57120;3606486825112;Energiaelosztás;Kismegszakítók;/Sínre szerelhető moduláris készülékek/Energiaelosztás/;daniella-webshop;Kismegszakítók és védelmek;Kismegszakítók;0,104;db;919,5;1168;2026.08.17;https://download.schneider-electric.com/files?p_Doc_Ref=DOC_EU_Easy9-PRO-NH;;;SCHEZ9F57120;919,5;1168;;;12 db;12;1556,99;16760;https://daniella.hu/kismegszakito-1c-20a-6ka-easy9-pro-ez9f57120-schneider-id-schez9f57120;2026-09-20T08:05:37.009Z;1;1;2026.08.17;2026.08.17;SCHEZ9F57120;email:visszaigazolas
VRG-0138;2C 6A 6kA Schneider EASY9 PRO EZ9F57206 kismegszakító;Schneider Electric;EZ9F57206;3606486825174;Energiaelosztás;Kismegszakítók;/Sínre szerelhető moduláris készülékek/Energiaelosztás/;daniella-webshop;Kismegszakítók és védelmek;Kismegszakítók;0,202;db;2628,8;3339;2026.09.08;https://download.schneider-electric.com/files?p_Doc_Ref=DOC_EU_Easy9-PRO-NH;;;SCHEZ9F57206;2628,8;3339;3286;20;6 db;6;4173;230;https://daniella.hu/kismegszakito-2c-6a-6ka-easy9-pro-ez9f57206-schneider-id-schez9f57206;2026-09-20T08:05:37.947Z;1;1;2026.09.08;2026.09.08;SCHEZ9F57206;email:modositas + pdf:Megrendelés visszaigazolás
VRG-0139;2C 10A 6kA Schneider EASY9 PRO EZ9F57210 kismegszakító;Schneider Electric;EZ9F57210;3606486825181;Energiaelosztás;Kismegszakítók;/Sínre szerelhető moduláris készülékek/Energiaelosztás/;daniella-webshop;Kismegszakítók és védelmek;Kismegszakítók;0,206;db;2546,4;3234;2026.07.24;https://download.schneider-electric.com/files?p_Doc_Ref=DOC_EU_Easy9-PRO-NH;;;SCHEZ9F57210;2546,4;3234;;;6 db;6;4042;3577;https://daniella.hu/kismegszakito-2c-10a-6ka-easy9-pro-ez9f57210-schneider-id-schez9f57210;2026-09-20T08:05:38.828Z;2;2;2026.07.09;2026.07.24;SCHEZ9F57210;email:visszaigazolas
VRG-0140;2C 13A 6kA Schneider EASY9 PRO EZ9F57213 kismegszakító;Schneider Electric;EZ9F57213;3606487610670;Energiaelosztás;Kismegszakítók;/Sínre szerelhető moduláris készülékek/Energiaelosztás/;daniella-webshop;Kismegszakítók és védelmek;Kismegszakítók;0,213;db;2464;3129;2026.08.24;https://download.schneider-electric.com/files?p_Doc_Ref=FD25040101_EU1006166-0;;;SCHEZ9F57213;2464;3129;;;6 db;6;3911,99;1384;https://daniella.hu/kismegszakito-2c-13a-6ka-easy9-pro-ez9f57213-schneider-id-schez9f57213;2026-09-20T08:05:39.761Z;2;8;2026.07.09;2026.08.24;SCHEZ9F57213;email:visszaigazolas + xlsx/mail:deseo2 másolata.xlsx
VRG-0141;2C 16A 6kA Schneider EASY9 PRO EZ9F57216 kismegszakító;Schneider Electric;EZ9F57216;3606486825198;Energiaelosztás;Kismegszakítók;/Sínre szerelhető moduláris készülékek/Energiaelosztás/;daniella-webshop;Kismegszakítók és védelmek;Kismegszakítók;0,21;db;2381,6;3025;2026.07.09;https://download.schneider-electric.com/files?p_Doc_Ref=DOC_EU_Easy9-PRO-NH;;;SCHEZ9F57216;2381,6;3025;;;6 db;6;3781,01;471;https://daniella.hu/kismegszakito-2c-16a-6ka-easy9-pro-ez9f57216-schneider-id-schez9f57216;2026-09-20T08:05:40.680Z;1;1;2026.07.09;2026.07.09;SCHEZ9F57216;email:visszaigazolas
VRG-0142;3C 16A 6kA Schneider EASY9 PRO EZ9F57316 kismegszakító;Schneider Electric;EZ9F57316;3606486825280;Energiaelosztás;Kismegszakítók;/Sínre szerelhető moduláris készülékek/Energiaelosztás/;daniella-webshop;Kismegszakítók és védelmek;Kismegszakítók;0,31;db;3314,25;4209;2026.08.18;https://download.schneider-electric.com/files?p_Doc_Ref=DOC_EU_Easy9-PRO-NH;;;SCHEZ9F57316;3314,25;4209;;;4 db;4;5612;2210;https://daniella.hu/kismegszakito-3c-16a-6ka-easy9-pro-ez9f57316-schneider-id-schez9f57316;2026-09-20T08:05:41.565Z;2;2;2026.06.12;2026.08.18;SCHEZ9F57316;email:visszaigazolas + pdf:Ajánlat
VRG-0143;3C 20A 6kA Schneider EASY9 PRO EZ9F57320 kismegszakító;Schneider Electric;EZ9F57320;3606486825297;Energiaelosztás;Kismegszakítók;/Sínre szerelhető moduláris készülékek/Energiaelosztás/;daniella-webshop;Kismegszakítók és védelmek;Kismegszakítók;0,31;db;3617,6;4594;2026.08.25;https://download.schneider-electric.com/files?p_Doc_Ref=DOC_EU_Easy9-PRO-NH;;;SCHEZ9F57320;3617,6;4594;;;4 db;4;5743;3653;https://daniella.hu/kismegszakito-3c-20a-6ka-easy9-pro-ez9f57320-schneider-id-schez9f57320;2026-09-20T08:05:42.920Z;2;2;2026.08.18;2026.08.25;SCHEZ9F57320;email:visszaigazolas
VRG-0144;4C 20A 6kA Schneider EASY9 PRO EZ9F57420 kismegszakító;Schneider Electric;EZ9F57420;3606486825389;Energiaelosztás;Kismegszakítók;/Sínre szerelhető moduláris készülékek/Energiaelosztás/;daniella-webshop;Kismegszakítók és védelmek;Kismegszakítók;0,416;db;5183,2;6583;2026.06.12;https://download.schneider-electric.com/files?p_Doc_Ref=DOC_EU_Easy9-PRO-NH;;;SCHEZ9F57420;5183,2;6583;;;3 db;3;8228;48;https://daniella.hu/kismegszakito-4c-20a-6ka-easy9-pro-ez9f57420-schneider-id-schez9f57420;2026-09-20T08:05:43.895Z;1;1;2026.06.12;2026.06.12;SCHEZ9F57420;email:visszaigazolas + pdf:Ajánlat
VRG-0145;4C 32A 6kA Schneider EASY9 PRO EZ9F57432 kismegszakító;Schneider Electric;EZ9F57432;3606486825402;Energiaelosztás;Kismegszakítók;/Sínre szerelhető moduláris készülékek/Energiaelosztás/;daniella-webshop;Kismegszakítók és védelmek;Kismegszakítók;0,418;db;5595,2;7106;2026.09.08;https://download.schneider-electric.com/files?p_Doc_Ref=DOC_EU_Easy9-PRO-NH;;;SCHEZ9F57432;5595,2;7106;6994;20;3 db;3;8882;51;https://daniella.hu/kismegszakito-4c-32a-6ka-easy9-pro-ez9f57432-schneider-id-schez9f57432;2026-09-20T08:05:45.047Z;1;1;2026.09.08;2026.09.08;SCHEZ9F57432;email:modositas + pdf:Megrendelés visszaigazolás
VRG-0146;EASY9 PRO áram-védőkapcsoló, A osztály, 2P, 25A, 30 mA EZ9R49225 Schneider;Schneider Electric;EZ9R49225;3606487197928;Energiaelosztás;Áram-védőkapcsolók (Fi relé);/Sínre szerelhető moduláris készülékek/Energiaelosztás/;daniella-webshop;Kismegszakítók és védelmek;Áram-védőkapcsolók (FI);0,211;db;10209,6;12966;2026.07.09;https://download.schneider-electric.com/files?p_Doc_Ref=FD24013001;;;SCHEZ9R49225;10209,6;12966;;;6 db;6;16207,99;1487;https://daniella.hu/easy9-pro-aram-vedokapcsolo-a-osztaly-2p-25a-30-ma-ez9r49225-schneider-id-schez9r49225;2026-09-20T08:05:45.942Z;2;2;2026.06.12;2026.07.09;SCHEZ9R49225;email:visszaigazolas + pdf:Ajánlat
VRG-0147;FI relé 40/2-0,03 EASY9 PRO, A osztály!!! EZ9R49240 Schneider;Schneider Electric;EZ9R49240;3606487197935;Energiaelosztás;Áram-védőkapcsolók (Fi relé);/Sínre szerelhető moduláris készülékek/Energiaelosztás/;daniella-webshop;Kismegszakítók és védelmek;Áram-védőkapcsolók (FI);0,211;db;10704;13594;2026.08.25;https://download.schneider-electric.com/files?p_Doc_Ref=FD24013001;;;SCHEZ9R49240;10704;13594;;;6 db;6;16992,99;1967;https://daniella.hu/easy9-pro-aram-vedokapcsolo-a-osztaly-2p-40a-30-ma-ez9r49240-schneider-id-schez9r49240;2026-09-20T08:05:46.909Z;2;2;2026.07.21;2026.08.25;SCHEZ9R49240;email:visszaigazolas
VRG-0148;EASY9 PRO áram-védőkapcsoló, A osztály, 4P, 25A, 30 mA EZ9R49425 Schneider;Schneider Electric;EZ9R49425;3606486822845;Energiaelosztás;Áram-védőkapcsolók (Fi relé);/Sínre szerelhető moduláris készülékek/Energiaelosztás/;daniella-webshop;Kismegszakítók és védelmek;Áram-védőkapcsolók (FI);0,355;db;10973,3;13936;2026.06.12;https://download.schneider-electric.com/files?p_Doc_Ref=FD24013001;;;SCHEZ9R49425;10973,3;13936;;;3 db;3;21440;1095;https://daniella.hu/easy9-pro-aram-vedokapcsolo-a-osztaly-4p-25a-30-ma-ez9r49425-schneider-id-schez9r49425;2026-09-20T08:05:48.004Z;1;1;2026.06.12;2026.06.12;SCHEZ9R49425;email:visszaigazolas + pdf:Ajánlat
VRG-0149;EASY9 PRO áram-védőkapcsoló, A osztály, 4P, 40A, 30 mA EZ9R49440 Schneider;Schneider Electric;EZ9R49440;3606486822852;Energiaelosztás;Áram-védőkapcsolók (Fi relé);/Sínre szerelhető moduláris készülékek/Energiaelosztás/;daniella-webshop;Kismegszakítók és védelmek;Áram-védőkapcsolók (FI);0,355;db;14000;17780;2026.09.08;https://download.schneider-electric.com/files?p_Doc_Ref=FD24013001;;;SCHEZ9R49440;14000;17780;17500;20;3 db;3;22225;217;https://daniella.hu/easy9-pro-aram-vedokapcsolo-a-osztaly-4p-40a-30-ma-ez9r49440-schneider-id-schez9r49440;2026-09-20T08:05:48.911Z;4;4;2026.07.21;2026.09.08;SCHEZ9R49440;email:modositas + email:visszaigazolas + pdf:Megrendelés visszaigazolás
VRG-0150;1B 10A 4,5kA Schneider RESI9 R9F04110 kismegszakító;Schneider Electric;R9F04110;3606480553455;Energiaelosztás;Kismegszakítók;/Sínre szerelhető moduláris készülékek/Energiaelosztás/;daniella-webshop;Kismegszakítók és védelmek;Kismegszakítók;0,1057;db;1240,8;1576;2026.07.21;https://checkaproduct.se.com/DistantRequestDispatcher.aspx?action=exportPdfReach&pid=267999976&lang=hu-hu;;;SCHR9F04110;1240,8;1576;;;12 db;12;1970;539;https://daniella.hu/kismegszakito-1b-10a-4-5ka-resi9-r9f04110-schneider-id-schr9f04110;2026-09-20T08:05:49.856Z;1;1;2026.07.21;2026.07.21;SCHR9F04110;email:visszaigazolas
VRG-0151;1C 13A 4,5kA Schneider RESI9 R9F14113 kismegszakító;Schneider Electric;R9F14113;3606480939662;Energiaelosztás;Kismegszakítók;/Sínre szerelhető moduláris készülékek/Energiaelosztás/;daniella-webshop;Kismegszakítók és védelmek;Kismegszakítók;0,106;db;1182,4;1502;2026.07.21;https://checkaproduct.se.com/DistantRequestDispatcher.aspx?action=exportPdfReach&pid=432231626&lang=hu-hu;;;SCHR9F14113;1182,4;1502;;;12 db;12;1877;880;https://daniella.hu/kismegszakito-1c-13a-4-5ka-resi9-r9f14113-schneider-id-schr9f14113;2026-09-20T08:05:57.623Z;1;15;2026.07.21;2026.07.21;SCHR9F14113;email:visszaigazolas
VRG-0152;1C 16A 4,5kA Schneider RESI9 R9F14116 kismegszakító;Schneider Electric;R9F14116;3606480553578;Energiaelosztás;Kismegszakítók;/Sínre szerelhető moduláris készülékek/Energiaelosztás/;daniella-webshop;Kismegszakítók és védelmek;Kismegszakítók;0,106;db;1125,6;1430;2026.07.21;https://checkaproduct.se.com/DistantRequestDispatcher.aspx?action=exportPdfReach&pid=268000001&lang=hu-hu;;;SCHR9F14116;1125,6;1430;;;12 db;12;1787;366;https://daniella.hu/kismegszakito-1c-16a-4-5ka-resi9-r9f14116-schneider-id-schr9f14116;2026-09-20T08:05:59.069Z;1;7;2026.07.21;2026.07.21;SCHR9F14116;email:visszaigazolas
VRG-0153;3C 20A 4,5kA Schneider RESI9 R9F14320 kismegszakító;Schneider Electric;R9F14320;3606480553769;Energiaelosztás;Kismegszakítók;/Sínre szerelhető moduláris készülékek/Energiaelosztás/;daniella-webshop;Kismegszakítók és védelmek;Kismegszakítók;0,32543;db;4255,2;5404;2026.07.21;https://checkaproduct.se.com/DistantRequestDispatcher.aspx?action=exportPdfReach&pid=268000039&lang=hu-hu;;;SCHR9F14320;4255,2;5404;;;4 db;4;6755;132;https://daniella.hu/kismegszakito-3c-20a-4-5ka-resi9-r9f14320-schneider-id-schr9f14320;2026-09-20T08:06:00.130Z;1;1;2026.07.21;2026.07.21;SCHR9F14320;email:visszaigazolas
VRG-0154;Fésűs sín 1P villás, 12 modul, 63A, RESI9 R9XFH112 Schneider;Schneider Electric;R9XFH112;3606480515859;Energiaelosztás;Sorolósínek;/Áramelosztás/Energiaelosztás/;daniella-webshop;Kismegszakítók és védelmek;Sínek és szerelési tartozékok;0,0429;db;1272;1615;2026.09.16;https://checkaproduct.se.com/DistantRequestDispatcher.aspx?action=exportPdfReach&pid=258422227&lang=hu-hu;;;SCHR9XFH112;1272;1615;1590;20;10 db;10;2019;535;https://daniella.hu/fesus-sin-villas-1p-12-osztas-resi9-r9xfh112-schneider-id-schr9xfh112;2026-09-20T08:06:01.137Z;6;14;2026.06.12;2026.09.16;SCHR9XFH112;email:modositas + email:visszaigazolas + pdf:Megrendelés visszaigazolás + pdf:Ajánlat
VRG-0155;Fésűs sín 3P villás, 12 modul, 63A RESI9 R9XFH312 Schneider;Schneider Electric;R9XFH312;3606480515910;Energiaelosztás;Sorolósínek;/Áramelosztás/Energiaelosztás/;daniella-webshop;Kismegszakítók és védelmek;Sínek és szerelési tartozékok;0,082;db;3032;3851;2026.07.21;https://checkaproduct.se.com/DistantRequestDispatcher.aspx?action=exportPdfReach&pid=258422233&lang=hu-hu;;;SCHR9XFH312;3032;3851;;;5 db;5;4813;163;https://daniella.hu/fesus-sin-villas-3p-12-osztas-resi9-r9xfh312-schneider-id-schr9xfh312;2026-09-20T08:06:02.243Z;2;7;2026.06.12;2026.07.21;SCHR9XFH312;email:visszaigazolas + pdf:Ajánlat
VRG-0156;Védővezető csatlakozó PE12 (zöld) 12/Z (300254) SEZ;SEZ;;8585007358085;Kapcsolóberendezések és szekrények;Szigetelt keresztösszekötők, dugaszolható áthidalók;/Sínre szerelhető csatlakozókapcsok/Kapcsolóberendezések és szekrények/;daniella-webshop;Kismegszakítók és védelmek;Sínek és szerelési tartozékok;0,042;db;611,72;777;2026.07.21;http://old.sez.sk/sites/default/files/certificates/843_k3_2018_en.pdf;;;SEZ1000580800;611,72;777;;;1 db;1;947;360;https://daniella.hu/vedovezeto-csatlakozo-pe12-zold-12-z-300254-sez-id-sez1000580800;2026-09-20T08:06:03.154Z;1;1;2026.07.21;2026.07.21;SEZ1000580800;email:visszaigazolas
VRG-0157;Nullvezető csatlakozó N12 (kék) 12/N 12/N (300255) SEZ;SEZ;;8585007358092;Kapcsolóberendezések és szekrények;Szigetelt keresztösszekötők, dugaszolható áthidalók;/Sínre szerelhető csatlakozókapcsok/Kapcsolóberendezések és szekrények/;daniella-webshop;Kismegszakítók és védelmek;Sínek és szerelési tartozékok;0,042;db;611,72;777;2026.07.21;http://old.sez.sk/sites/default/files/certificates/843_k3_2018_en.pdf;;;SEZ1000580900;611,72;777;;;1 db;1;947;300;https://daniella.hu/nullvezeto-csatlakozo-n12-kek-12-n-12-n-300255-sez-id-sez1000580900;2026-09-20T08:06:04.106Z;1;1;2026.07.21;2026.07.21;SEZ1000580900;email:visszaigazolas
VRG-0158;Kötődoboz sima falú 190x140x70 S- BOX 416 (400363) SEZ;SEZ;;8584128108142;Installáció technika;Falon kívüli dobozok és fedelek;/Szerelvény- és kötődobozok/Installáció technika/;daniella-webshop;Szerelvény- és kötődobozok;Falon kívüli kötődobozok;0,318;db;1975,63;2509;2026.09.08;http://old.sez.sk/sites/default/files/certificates/873_k4_2019_en.pdf;;;SEZ1001081400;1975,63;2509;2677;26,2;20 db;20;3400,01;530;https://daniella.hu/kotodoboz-sima-falu-190x140x70-s-box-416-400363-sez-id-sez1001081400;2026-09-20T08:06:05.605Z;1;4;2026.09.08;2026.09.08;SEZ1001081400;email:modositas + pdf:Megrendelés visszaigazolás
VRG-0159;Telefon Moduláris dugó 8P8C árnyékolt Cat 5-hoz (FTP);N/A;;;Automatizálás;Adat- és telekommunikáció;/Automatizálás/;daniella-webshop;Gyengeáram és adathálózat;Csatlakozók és aljzatok;;db;102,92;131;2026.09.08;;;;SOM0889;102,92;131;124;17;1 db;1;157;780;https://daniella.hu/telefon-modularis-dugo-8p8c-cat-5-hoz-csat-t004-ftp-id-som0889;2026-09-20T08:06:06.488Z;1;5;2026.09.08;2026.09.08;SOM0889;email:modositas + pdf:Megrendelés visszaigazolás
VRG-0160;F-csatlakozó FF 1;Somogyi Elektronic;;5998312711774;Automatizálás;Adat- és telekommunikáció;/Automatizálás/;daniella-webshop;Gyengeáram és adathálózat;Csatlakozók és aljzatok;0,003;db;53,12;67;2026.07.31;;;;SOMFF1;53,12;67;;;1 db;1;81,28;25536;https://daniella.hu/f-csatlakozo-ff-1-id-somff1;2026-09-20T08:06:07.506Z;1;8;2026.07.31;2026.07.31;SOMFF1;email:visszaigazolas
VRG-0161;Telefon Moduláris dugó 8P8C-hez törésgátló TS 52/WH fehér;Somogyi Elektronic;;5998312741818;Automatizálás;Adat- és telekommunikáció;/Automatizálás/;daniella-webshop;Gyengeáram és adathálózat;Csatlakozók és aljzatok;0,002;db;48,14;61;2026.09.08;;;;SOMTS52WH;48,14;61;58;17;1 db;1;73,66;12841;https://daniella.hu/telefon-modularis-dugo-8p8c-hez-toresgatlo-ts-52-wh-feher-id-somts52wh;2026-09-20T08:06:08.644Z;1;5;2026.09.08;2026.09.08;SOMTS52WH;email:modositas + pdf:Megrendelés visszaigazolás
VRG-0162;Gipszkarton doboz 1-es, d68mm, 47mm mély, narancssárga (E-115 18345 helyett) Stilo;Stilo;1012;5999562410127;Installáció technika;Süllyesztett kötődobozok és fedelek;/Szerelvény- és kötődobozok/Installáció technika/;daniella-webshop;Szerelvény- és kötődobozok;Gipszkarton dobozok;0,024;db;162,54;206;2026.09.01;https://3dgroup.cloud/PIM_MIME/MD09_tanusitvany/STI1012_tanusitvany.pdf;;;STI1012;162,54;206;;;10 db;10;;2295;https://daniella.hu/gipszkarton-doboz-1-es-d68mm-47mm-mely-narancssarga-sti1012-stilo-id-sti1012;2026-09-20T08:06:09.632Z;1;13;2026.09.01;2026.09.01;STI1012;email:visszaigazolas
VRG-0163;TS-sín 0.5 fm-es 35mm perforált, 1mm vastag, Stilo;Stilo;1123;5999562411230;Kapcsolóberendezések és szekrények;Kalapsínek;/Elosztószekrények és tartozékai/Kapcsolóberendezések és szekrények/;daniella-webshop;Kismegszakítók és védelmek;Sínek és szerelési tartozékok;0,14;db;339,79;432;2026.08.24;https://3dgroup.cloud/PIM_MIME/MD09_tanusitvany/STI1123_tanusitvany.pdf;;;STI1123;339,79;432;;;1 db;1;558;690;https://daniella.hu/ts-sin-0-5-fm-es-35mm-perforalt-1mm-vastag-stilo-sti1123-id-sti1123;2026-09-20T08:06:10.521Z;1;1;2026.08.24;2026.08.24;STI1123;email:visszaigazolas + xlsx/mail:deseo2 másolata.xlsx
VRG-0164;Kötődoboz 150x110x70 membrános IP65 Stilo /S-BOX helyett/;Stilo;1497;5999562414972;Installáció technika;Falon kívüli dobozok és fedelek;/Szerelvény- és kötődobozok/Installáció technika/;daniella-webshop;Szerelvény- és kötődobozok;Falon kívüli kötődobozok;0,233;db;963,2;1223;2026.09.08;https://3dgroup.cloud/PIM_MIME/MD09_tanusitvany/STI1497_tanusitvany.pdf;;;STI1497;963,2;1223;1120;14;1 db;1;1422,01;1784;https://daniella.hu/kotodoboz-150x110x70-membranos-halogenmentes-ip65-stilo-sti1497-id-sti1497;2026-09-20T08:06:11.582Z;1;4;2026.09.08;2026.09.08;STI1497;email:modositas + pdf:Megrendelés visszaigazolás
VRG-0165;Kötődoboz 100x100x70 sima falú IP65 Stilo /S-BOX helyett/;Stilo;1501;5999562415016;Installáció technika;Falon kívüli dobozok és fedelek;/Szerelvény- és kötődobozok/Installáció technika/;daniella-webshop;Szerelvény- és kötődobozok;Falon kívüli kötődobozok;0,13;db;575,34;731;2026.09.08;https://3dgroup.cloud/PIM_MIME/MD09_tanusitvany/STI1501_tanusitvany.pdf;;;STI1501;575,34;731;;;1 db;1;850;4398;https://daniella.hu/kotodoboz-100x100x70-sima-falu-halogenmentes-ip65-stilo-sti1501-id-sti1501;2026-09-20T08:06:12.696Z;1;1;2026.09.08;2026.09.08;STI1501;email:modositas + email:visszaigazolas + xlsx/mail:anyagar_sablon50_garázs földelés.xlsx
VRG-0166;Vezeték nélküli csengő dugaljas, 300m IP44, AC 230V beltéri egységgel Stilo;Stilo;1603;5999562416037;Automatizálás;Csengők;/Csengők és kaputelefonok/Automatizálás/;daniella-webshop;Érzékelők és automatika;Okos eszközök és csengők;0,137;db;4291,4;5450;2026.07.31;https://3dgroup.cloud/PIM_MIME/MD09_tanusitvany/STI1603_tanusitvany.pdf;;;STI1603;4291,4;5450;;;1 db;1;6337;379;https://daniella.hu/vezetek-nelkuli-csengo-300m-ip44-nyomogombos-ac-230v-belteri-egyseggel-1xcr2032-tartozek-kulteri-egyseg-stilo-sti1603-id-sti1603;2026-09-20T08:06:13.579Z;1;1;2026.07.31;2026.07.31;STI1603;email:visszaigazolas
VRG-0167;Wi-Fi okos dugalj (2P+F), 1x16A, fehér Stilo;Stilo;1628;5999562416280;;;;;Érzékelők és automatika;Okos eszközök és csengők;0,133;db;3431,4;4358;2026.06.17;;;;STI1628;3431,4;4358;;;1 db;1;4054,01;947;https://daniella.hu/okos-smart-wifi-dugalj-2p-f-aljzat-max-3680w-alkalmazassal-vezerelheto-sti1628-stilo-id-sti1628;2026-09-20T08:06:14.469Z;1;1;2026.06.17;2026.06.17;STI1628;email:visszaigazolas
VRG-0168;Multikapocs, Vario összekötő horganyzott M10 Rd8-10 BLKLEUNIVZ2-10VK-40;Stilo;1784;5999562417843;Villámvédelem;Összekötők, rögzítő elemek;/Villámvédelmi felfogó és levezető rendszerek/Villámvédelem/;daniella-webshop;Villámvédelem és földelés;Földelők és földelő tartozékok;0,01;db;435,16;553;2026.09.08;;;;STI1784;435,16;553;;;1 db;1;643;5687;https://daniella.hu/multikapocs-vario-osszekoto-horganyzott-m10-rd8-10mm-sti1784-stilo-id-sti1784;2026-09-20T08:06:15.728Z;1;1;2026.09.08;2026.09.08;STI1784;email:modositas + email:visszaigazolas + xlsx/mail:anyagar_sablon50_garázs földelés.xlsx
VRG-0169;Fővezeték sorkapocs 2x 25/2x25mm2 szürke HLAK 25-1/2, Stilo;Stilo;284;5999547612843;Energiaelosztás;Fővezeték sorkapcsok, elosztókapcsok és elosztóblokkok;/Áramelosztás/Energiaelosztás/;daniella-webshop;Kötéstechnika;Fővezetéki sorkapcsok;0,0625;db;674,25;856;2026.06.12;https://3dgroup.cloud/PIM_MIME/MD09_tanusitvany/STI284_tanusitvany.pdf;;;STI284;674,25;856;;;1 db;1;1142;11952;https://daniella.hu/fovezetek-sorkapocs-2x-25-2x25mm2-szurke-hlak-25-1-2-sti284-stilo-id-sti284;2026-09-20T08:06:16.694Z;1;3;2026.06.12;2026.06.12;STI284;email:visszaigazolas + pdf:Ajánlat
VRG-0170;Fővezeték sorkapocs 2x 25/2x25mm2 kék HLAK 25-1/2, Stilo;Stilo;285;5999547612850;Energiaelosztás;Fővezeték sorkapcsok, elosztókapcsok és elosztóblokkok;/Áramelosztás/Energiaelosztás/;daniella-webshop;Kötéstechnika;Fővezetéki sorkapcsok;0,0625;db;696,75;885;2026.06.12;https://3dgroup.cloud/PIM_MIME/MD09_tanusitvany/STI285_tanusitvany.pdf;;;STI285;696,75;885;;;1 db;1;1180;5319;https://daniella.hu/fovezetek-sorkapocs-2x-25-2x25mm2-kek-hlak-25-1-2-sti285-stilo-id-sti285;2026-09-20T08:06:17.723Z;1;1;2026.06.12;2026.06.12;STI285;email:visszaigazolas + pdf:Ajánlat
VRG-0171;Fővezeték sorkapocs 2x 25/2x25mm2 z/s HLAK 25-1/2, Stilo;Stilo;286;5999547612867;Energiaelosztás;Fővezeték sorkapcsok, elosztókapcsok és elosztóblokkok;/Áramelosztás/Energiaelosztás/;daniella-webshop;Kötéstechnika;Fővezetéki sorkapcsok;0,0625;db;696,75;885;2026.06.12;https://3dgroup.cloud/PIM_MIME/MD09_tanusitvany/STI286_tanusitvany.pdf;;;STI286;696,75;885;;;1 db;1;1180;4063;https://daniella.hu/fovezetek-sorkapocs-2x-25-2x25mm2-z-s-hlak-25-1-2-sti286-stilo-id-sti286;2026-09-20T08:06:18.628Z;1;1;2026.06.12;2026.06.12;STI286;email:visszaigazolas + pdf:Ajánlat
VRG-0172;Szemes csősaru ST- 50-10 Stilo;Stilo;671;5999547616711;Installáció technika;Réz kábelsaruk;/Kábel/vezeték szerelési és csatlakozó anyagok/Installáció technika/;daniella-webshop;Kötéstechnika;Érvéghüvelyek és saruk;0,02;db;481,6;612;2026.09.08;https://3dgroup.cloud/PIM_MIME/MD09_tanusitvany/STI671_tanusitvany.pdf;;;STI671;481,6;612;;;50 db;50;711;1638;https://daniella.hu/szemes-csosaru-st-50-10-stilo-sti671-id-sti671;2026-09-20T08:06:19.541Z;1;1;2026.09.08;2026.09.08;STI671;email:modositas + email:visszaigazolas + xlsx/mail:anyagar_sablon50_garázs földelés.xlsx
VRG-0173;Érvéghüvely szigetelt 10/12 elefántcsont E10-12 Stilo;Stilo;746;5999547617466;Installáció technika;Érvéghüvelyek;/Kábel/vezeték szerelési és csatlakozó anyagok/Installáció technika/;daniella-webshop;Kötéstechnika;Érvéghüvelyek és saruk;0,00063;db;13,76;17;2026.09.08;https://3dgroup.cloud/PIM_MIME/MD09_tanusitvany/STI746_tanusitvany.pdf;;;STI746;13,76;17;16;14;100 db;100;20,32;156400;https://daniella.hu/erveghuvely-szigetelt-10-12-elefantcsont-e10-12-stilo-sti746-id-sti746;2026-09-20T08:06:20.494Z;2;200;2026.08.18;2026.09.08;STI746;email:modositas + email:visszaigazolas + pdf:Megrendelés visszaigazolás
VRG-0174;Érv.h. szig. 10/18 elefántcsont E10-18 Stilo;Stilo;747;5999547617473;Installáció technika;Érvéghüvelyek;/Kábel/vezeték szerelési és csatlakozó anyagok/Installáció technika/;daniella-webshop;Kötéstechnika;Érvéghüvelyek és saruk;0,00063;db;;;;https://3dgroup.cloud/PIM_MIME/MD09_tanusitvany/STI747_tanusitvany.pdf;;;STI747;;;;;;;22,86;62200;https://daniella.hu/erveghuvely-szigetelt-10-18-elefantcsont-e10-18-stilo-sti747-id-sti747;2026-09-20T08:06:21.404Z;1;100;2026.08.27;2026.08.27;STI747;email:beerkezes + xlsx/mail:anyagar_sablon_Laci.xlsx + Anyagok Forgáchba.eml
VRG-0175;MCSN 100x60 (szél/mag) 2m/szál STILO (18 fm/köteg);Stilo;942;5999547619422;Installáció technika;Műanyag kábelcsatornák;/Kábelcsatornák/Kábelek, csövek rögzítés technikája/Installáció technika/;daniella-webshop;Installáció technika;Kábelcsatornák és parapetcsatornák;0,75;fm;1124,25;1428;2026.06.17;https://3dgroup.cloud/PIM_MIME/MD09_tanusitvany/STI942_tanusitvany.pdf;;;STI942;1124,25;1428;;;2 fm;2;1904;3052;https://daniella.hu/mcsn-100x60-szelesseg-magassag-vezetekcsatorna-feher-sti942-stilo-18-fm-koteg-id-sti942;2026-09-20T08:06:22.272Z;1;2;2026.06.17;2026.06.17;STI942;email:visszaigazolas
VRG-0176;Érv.h. iker 2* 6,0/14 sárga E22I Tracon;Tracon;E22I;5997374102940;Installáció technika;Érvéghüvelyek;/Kábel/vezeték szerelési és csatlakozó anyagok/Installáció technika/;daniella-webshop;Kötéstechnika;Érvéghüvelyek és saruk;0,0008;db;78,85;100;2026.08.24;https://cdn.traconelectric.com/static/attachment/ce_2022/COC_E_2022_hu_en.pdf;;;TRAE22I;78,85;100;;;100 db;100;121,01;200;https://daniella.hu/erveghuvely-iker-2-6-0-14-sarga-e22i-tracon-id-trae22i;2026-09-20T08:06:23.278Z;1;20;2026.08.24;2026.08.24;TRAE22I;email:visszaigazolas
VRG-0177;Szig.szalag 20x19 fehér Tracon;Tracon;;5997374106085;Installáció technika;Ragasztók és tömítőanyagok;/Csavarok és rögzítéstechnika/Installáció technika/;daniella-webshop;Munkavédelem és segédanyagok;Szerelési segédanyagok;0,09;db;471,44;599;2026.07.27;https://cdn.traconelectric.com/static/attachment/ce_2020/COC_szigszalag_2015-863_hu_en.pdf;;;TRAFEH20;471,44;599;;;10 db;10;721;5576,9;https://daniella.hu/szigetelo-szalag-20x19-feher-tracon-feh20-id-trafeh20;2026-09-20T08:06:24.307Z;1;1;2026.07.27;2026.07.27;TRAFEH20;email:visszaigazolas
VRG-0178;MIK 40/60 kábelcsatorna fedéllel fehér, UV-álló, lángálló 012673 Univolt;Univolt;012673;9002579126731;Installáció technika;Műanyag kábelcsatornák;/Kábelcsatornák/Kábelek, csövek rögzítés technikája/Installáció technika/;daniella-webshop;Installáció technika;Kábelcsatornák és parapetcsatornák;0,459;fm;1019,16;1294;2026.08.24;https://www.dietzel.at/media/MIK_FEH_CE_hu.pdf;;;UNI012673;1019,16;1294;;;2 fm;2;1702,99;0;https://daniella.hu/mik-40-60-kabelcsatorna-fedellel-feher-uv-allo-langallo-012673-univolt-id-uni012673;2026-09-20T08:06:25.218Z;1;2;2026.08.24;2026.08.24;UNI012673;email:visszaigazolas
VRG-0179;Gégecső lépésálló 25/50 (szürke) FXP-TURBO 083271 Univolt;Univolt;083271;9002579832717;Installáció technika;Gégecsövek;/Villanyszerelési védőcsövek és tartozékai/Installáció technika/;daniella-webshop;Installáció technika;Gégecsövek és védőcsövek;0,098;fm;182,4;232;2026.07.01;https://www.dietzel.at/media/FXP_SZU_CE_hu.pdf;;;UNI083271;182,4;232;;;50 fm;50;305;5850;https://daniella.hu/gegecso-lepesallo-25-50-szurke-fxp-turbo-083271-univolt-id-uni083271;2026-09-20T08:06:26.371Z;2;200;2026.06.30;2026.07.01;UNI083271;email:visszaigazolas
VRG-0180;Gégecső lépésálló 20/50 (fekete) UV-álló FXP-TURBO 084057 Univolt;Univolt;084057;9002579840576;Installáció technika;Gégecsövek;/Villanyszerelési védőcsövek és tartozékai/Installáció technika/;daniella-webshop;Installáció technika;Gégecsövek és védőcsövek;0,067;fm;174,04;221;2026.07.27;https://www.dietzel.at/media/FXP_FEK_UV_CE_hu.pdf;;;UNI084057;174,04;221;;;50 fm;50;291;4200;https://daniella.hu/gegecso-lepesallo-20-50-fekete-uv-allo-fxp-turbo-084057-univolt-id-uni084057;2026-09-20T08:06:27.496Z;1;50;2026.07.27;2026.07.27;UNI084057;email:visszaigazolas
VRG-0181;Gégecső lépésálló 25/50 (fekete) UV-álló FXP-TURBO 084058 Univolt;Univolt;084058;9002579840583;Installáció technika;Gégecsövek;/Villanyszerelési védőcsövek és tartozékai/Installáció technika/;daniella-webshop;Installáció technika;Gégecsövek és védőcsövek;0,098;fm;231,8;294;2026.07.27;https://www.dietzel.at/media/FXP_FEK_UV_CE_hu.pdf;;;UNI084058;231,8;294;;;50 fm;50;386,99;4850;https://daniella.hu/gegecso-lepesallo-25-50-fekete-uv-allo-fxp-turbo-084058-univolt-id-uni084058;2026-09-20T08:06:28.372Z;1;50;2026.07.27;2026.07.27;UNI084058;email:visszaigazolas
VRG-0182;Számítógép vezeték CAT5 E - UTP fali CCA!! (0);N/A;;;Kábelek, vezetékek;Elektronikai és adatátviteli vezetékek;/Kábelek, vezetékek/;daniella-webshop;Gyengeáram és adathálózat;Adatkábelek;0,024;fm;122,43;155;2026.07.23;;;;VEZ1000091;122,43;155;;;1 fm;1;;15;https://daniella.hu/szamitogep-vezetek-cat5-e---utp-fali-cca-0-id-vez1000091;2026-09-20T08:06:29.641Z;1;30;2026.07.23;2026.07.23;VEZ1000091;email:visszaigazolas
VRG-0183;Számítógép vezeték CAT6 UTP;BITNER;;5902956351197;Kábelek, vezetékek;Elektronikai és adatátviteli vezetékek;/Kábelek, vezetékek/;daniella-webshop;Gyengeáram és adathálózat;Adatkábelek;0,036;;;;;;;;VEZ1000101;;;;;;;281;41785;https://daniella.hu/szamitogep-vezetek-cat6---utp-fali-rez-pvc-bitner-305-id-vez1000101;2026-09-20T08:06:30.507Z;0;0;;;VEZ1000101;xlsx/mail:anyagar_sablon_Laci.xlsx + Anyagok Forgáchba.eml
VRG-0184;(989689 ) Számítógép vezeték CAT6 - UTP fali réz PVC (0) BITNER;Bitner;;;Kábelek, vezetékek;Elektronikai és adatátviteli vezetékek;/Kábelek, vezetékek/;daniella-webshop;Gyengeáram és adathálózat;Adatkábelek;0,038;fm;170,17;216;2026.09.08;;;;VEZ1000133;170,17;216;221;23;1 fm;1;;7849;https://daniella.hu/szamitogep-vezetek-cat6---utp-fali-rez-pvc-bitner-0-id-vez1000133;2026-09-20T08:06:31.487Z;3;112;2026.08.14;2026.09.08;VEZ1000133;email:modositas + email:visszaigazolas + email:beerkezes + pdf:Megrendelés visszaigazolás
VRG-0185;H07V-K 1x 1,5 fekete (100);N/A;;3875000260702;Kábelek, vezetékek;Erősáramú vezetékek, kábelek < 1 kV flexibilis elhelyezés;/Kábelek, vezetékek/;daniella-webshop;Vezetékek és kábelek;Sodrott és tömör erezetű vezetékek;0,02;fm;78,54;100;2026.08.14;;;;VEZ1500004;78,54;100;;;100 fm;100;132;42500;https://daniella.hu/h07v-k-1x-1-5-fekete-100-450-750v-hajlekony-egyeru-sodrott-vezetek-m-kh-mkh-id-vez1500004;2026-09-20T08:06:32.420Z;1;100;2026.08.14;2026.08.14;VEZ1500004;email:visszaigazolas
VRG-0186;H07V-K 1x 4 fekete (0);N/A;;;Kábelek, vezetékek;Erősáramú vezetékek, kábelek < 1 kV flexibilis elhelyezés;/Kábelek, vezetékek/;daniella-webshop;Vezetékek és kábelek;Sodrott és tömör erezetű vezetékek;0,045;fm;222,53;283;2026.08.05;;;;VEZ1500032;222,53;283;;;1 fm;1;;2949;https://daniella.hu/h07v-k-1x-4-fekete-0-450-750v-hajlekony-egyeru-sodrott-vezetek-m-kh-mkh-id-vez1500032;2026-09-20T08:06:33.588Z;2;21;2026.07.21;2026.08.05;VEZ1500032;email:visszaigazolas
VRG-0187;H07V-K 1x 4 kék (0);N/A;;;Kábelek, vezetékek;Erősáramú vezetékek, kábelek < 1 kV flexibilis elhelyezés;/Kábelek, vezetékek/;daniella-webshop;Vezetékek és kábelek;Sodrott és tömör erezetű vezetékek;0,045;fm;222,53;283;2026.08.05;;;;VEZ1500034;222,53;283;;;1 fm;1;;1887;https://daniella.hu/h07v-k-1x-4-kek-0-450-750v-hajlekony-egyeru-sodrott-vezetek-m-kh-mkh-id-vez1500034;2026-09-20T08:06:34.679Z;2;17;2026.07.21;2026.08.05;VEZ1500034;email:visszaigazolas
VRG-0188;H07V-K 1x 4 z/s (0);N/A;;;Kábelek, vezetékek;Erősáramú vezetékek, kábelek < 1 kV flexibilis elhelyezés;/Kábelek, vezetékek/;daniella-webshop;Vezetékek és kábelek;Sodrott és tömör erezetű vezetékek;0,045;fm;222,53;283;2026.08.05;;;;VEZ1500044;222,53;283;;;1 fm;1;;1684;https://daniella.hu/h07v-k-1x-4-zold-sarga-0-450-750v-hajlekony-egyeru-sodrott-vezetek-m-kh-mkh-id-vez1500044;2026-09-20T08:06:35.657Z;2;17;2026.07.21;2026.08.05;VEZ1500044;email:visszaigazolas
VRG-0189;10 mkh (H07V-K 1x10);N/A;;20210122;Kábelek, vezetékek;Erősáramú vezetékek, kábelek < 1 kV flexibilis elhelyezés;/Kábelek, vezetékek/;daniella-webshop;Vezetékek és kábelek;Sodrott és tömör erezetű vezetékek;0,11;;;;;;;;VEZ1500064;;;;;;;909;23600;https://daniella.hu/h07v-k-1x-10-fekete-100-450-750v-hajlekony-egyeru-sodrott-vezetek-m-kh-mkh-id-vez1500064;2026-09-20T08:06:37.494Z;0;0;;;VEZ1500064;xlsx/mail:anyagar_sablon_Laci.xlsx + Anyagok Forgáchba.eml
VRG-0190;H07V-K 1x 10 fekete (0) 450/750V hajlékony egyerű sodrott vezeték (M-kh, Mkh);N/A;;8591043565615;Kábelek, vezetékek;Erősáramú vezetékek, kábelek < 1 kV flexibilis elhelyezés;/Kábelek, vezetékek/;daniella-webshop;Vezetékek és kábelek;Sodrott és tömör erezetű vezetékek;0,11;fm;566,72;720;2026.08.24;;;;VEZ1500065;566,72;720;;;1 fm;1;;9440,5;https://daniella.hu/h07v-k-1x-10-fekete-0-450-750v-hajlekony-egyeru-sodrott-vezetek-m-kh-mkh-id-vez1500065;2026-09-20T08:06:39.062Z;5;51;2026.06.12;2026.08.27;VEZ1500065;email:visszaigazolas + email:beerkezes + pdf:Ajánlat
VRG-0191;10 mkh (H07V-K 1x10);N/A;;8591043297769;Kábelek, vezetékek;Erősáramú vezetékek, kábelek < 1 kV flexibilis elhelyezés;/Kábelek, vezetékek/;daniella-webshop;Vezetékek és kábelek;Sodrott és tömör erezetű vezetékek;0,11;;;;;;;;VEZ1500066;;;;;;;904;10900;https://daniella.hu/h07v-k-1x-10-kek-100-450-750v-hajlekony-egyeru-sodrott-vezetek-m-kh-mkh-id-vez1500066;2026-09-20T08:06:39.948Z;0;0;;;VEZ1500066;xlsx/mail:anyagar_sablon_Laci.xlsx + Anyagok Forgáchba.eml
VRG-0192;H07V-K 1x 10 kék (0) 450/750V hajlékony egyerű sodrott vezeték (M-kh, Mkh);N/A;;;Kábelek, vezetékek;Erősáramú vezetékek, kábelek < 1 kV flexibilis elhelyezés;/Kábelek, vezetékek/;daniella-webshop;Vezetékek és kábelek;Sodrott és tömör erezetű vezetékek;0,11;fm;567,49;721;2026.08.24;;;;VEZ1500067;567,49;721;;;1 fm;1;;7049;https://daniella.hu/h07v-k-1x-10-kek-0-450-750v-hajlekony-egyeru-sodrott-vezetek-m-kh-mkh-id-vez1500067;2026-09-20T08:06:40.864Z;4;27;2026.06.12;2026.08.27;VEZ1500067;email:visszaigazolas + email:beerkezes + pdf:Ajánlat
VRG-0193;10 mkh (H07V-K 1x10);N/A;;;Kábelek, vezetékek;Erősáramú vezetékek, kábelek < 1 kV flexibilis elhelyezés;/Kábelek, vezetékek/;daniella-webshop;Vezetékek és kábelek;Sodrott és tömör erezetű vezetékek;0,11;;;;;;;;VEZ1500072;;;;;;;886;19400;https://daniella.hu/h07v-k-1x-10-zold-sarga-100-450-750v-hajlekony-egyeru-sodrott-vezetek-m-kh-mkh-id-vez1500072;2026-09-20T08:06:41.787Z;0;0;;;VEZ1500072;xlsx/mail:anyagar_sablon_Laci.xlsx + Anyagok Forgáchba.eml
VRG-0194;H07V-K 1x 10 zöld/sárga (0) 450/750V hajlékony egyerű sodrott vezeték (M-kh, Mkh);N/A;;;Kábelek, vezetékek;Erősáramú vezetékek, kábelek < 1 kV flexibilis elhelyezés;/Kábelek, vezetékek/;daniella-webshop;Vezetékek és kábelek;Sodrott és tömör erezetű vezetékek;0,11;fm;572,88;728;2026.08.24;;;;VEZ1500073;572,88;728;;;1 fm;1;;7855;https://daniella.hu/h07v-k-1x-10-zold-sarga-0-450-750v-hajlekony-egyeru-sodrott-vezetek-m-kh-mkh-id-vez1500073;2026-09-20T08:06:42.778Z;5;29;2026.06.12;2026.08.27;VEZ1500073;email:visszaigazolas + email:beerkezes + pdf:Ajánlat
VRG-0195;H07V-K 1x 16 zöld/sárga (0) 450/750V hajlékony egyerű sodrott vezeték (M-kh, Mkh);N/A;;;Kábelek, vezetékek;Erősáramú vezetékek, kábelek < 1 kV flexibilis elhelyezés;/Kábelek, vezetékek/;daniella-webshop;Vezetékek és kábelek;Sodrott és tömör erezetű vezetékek;0,18;fm;885,5;1125;2026.06.12;;;;VEZ1500087;885,5;1125;;;1 fm;1;;2443;https://daniella.hu/h07v-k-1x-16-zold-sarga-0-450-750v-hajlekony-egyeru-sodrott-vezetek-m-kh-mkh-id-vez1500087;2026-09-20T08:06:43.651Z;1;6;2026.06.12;2026.06.12;VEZ1500087;email:visszaigazolas + pdf:Ajánlat
VRG-0196;H07V-U 1x 1,5 barna (100);N/A;;5907802001356;Kábelek, vezetékek;Erősáramú vezetékek, kábelek < 1 kV rögzített elhelyezés;/Kábelek, vezetékek/;daniella-webshop;Vezetékek és kábelek;Sodrott és tömör erezetű vezetékek;0,019;fm;79,31;101;2026.07.01;;;;VEZ1600010;79,31;101;;;100 fm;100;141;31000;https://daniella.hu/h07v-u-1x-1-5-barna-100-450-750v-egyeru-tomorvezetek-m-cu-mcu-id-vez1600010;2026-09-20T08:06:44.746Z;2;400;2026.06.30;2026.07.01;VEZ1600010;email:visszaigazolas
VRG-0197;H07V-U 1x 1,5 fekete (100);N/A;;5907802001301;Kábelek, vezetékek;Erősáramú vezetékek, kábelek < 1 kV rögzített elhelyezés;/Kábelek, vezetékek/;daniella-webshop;Vezetékek és kábelek;Sodrott és tömör erezetű vezetékek;0,019;fm;79,31;101;2026.09.10;;;;VEZ1600012;79,31;101;;;100 fm;100;131;165600;https://daniella.hu/h07v-u-1x-1-5-fekete-100-450-750v-egyeru-tomorvezetek-m-cu-mcu-id-vez1600012;2026-09-20T08:06:45.657Z;4;600;2026.06.30;2026.09.10;VEZ1600012;email:modositas + email:visszaigazolas
VRG-0198;H07V-U 1x 1,5 kék (100);N/A;;;Kábelek, vezetékek;Erősáramú vezetékek, kábelek < 1 kV rögzített elhelyezés;/Kábelek, vezetékek/;daniella-webshop;Vezetékek és kábelek;Sodrott és tömör erezetű vezetékek;0,019;fm;79,31;101;2026.07.27;;;;VEZ1600013;79,31;101;;;100 fm;100;131;191600;https://daniella.hu/h07v-u-1x-1-5-kek-100-450-750v-egyeru-tomorvezetek-m-cu-mcu-id-vez1600013;2026-09-20T08:06:46.680Z;3;500;2026.06.30;2026.07.27;VEZ1600013;email:visszaigazolas
VRG-0199;H07V-U 1x 1,5 z/s (100);N/A;;5907802036167;Kábelek, vezetékek;Erősáramú vezetékek, kábelek < 1 kV rögzített elhelyezés;/Kábelek, vezetékek/;daniella-webshop;Vezetékek és kábelek;Sodrott és tömör erezetű vezetékek;0,019;fm;79,31;101;2026.07.27;;;;VEZ1600019;79,31;101;;;100 fm;100;130;185300;https://daniella.hu/h07v-u-1x-1-5-zold-sarga-100-450-750v-egyeru-tomorvezetek-m-cu-mcu-id-vez1600019;2026-09-20T08:06:47.723Z;3;500;2026.06.30;2026.07.27;VEZ1600019;email:visszaigazolas
VRG-0200;H07V-U 1x 2,5 fekete (100);N/A;;5907802001318;Kábelek, vezetékek;Erősáramú vezetékek, kábelek < 1 kV rögzített elhelyezés;/Kábelek, vezetékek/;daniella-webshop;Vezetékek és kábelek;Sodrott és tömör erezetű vezetékek;0,03;fm;129,36;164;2026.07.27;;;;VEZ1600023;129,36;164;;;100 fm;100;209,99;127100;https://daniella.hu/h07v-u-1x-2-5-fekete-100-450-750v-egyeru-tomorvezetek-m-cu-mcu-id-vez1600023;2026-09-20T08:06:48.639Z;3;500;2026.06.30;2026.07.27;VEZ1600023;email:visszaigazolas
VRG-0201;H07V-U 1x 2,5 kék (100);N/A;;5907802001417;Kábelek, vezetékek;Erősáramú vezetékek, kábelek < 1 kV rögzített elhelyezés;/Kábelek, vezetékek/;daniella-webshop;Vezetékek és kábelek;Sodrott és tömör erezetű vezetékek;0,032;fm;129,36;164;2026.07.27;;;;VEZ1600024;129,36;164;;;100 fm;100;215;79900;https://daniella.hu/h07v-u-1x-2-5-kek-100-450-750v-egyeru-tomorvezetek-m-cu-mcu-id-vez1600024;2026-09-20T08:06:49.520Z;3;500;2026.06.30;2026.07.27;VEZ1600024;email:visszaigazolas
VRG-0202;H07V-U 1x 2,5 z/s (100);N/A;;;Kábelek, vezetékek;Erősáramú vezetékek, kábelek < 1 kV rögzített elhelyezés;/Kábelek, vezetékek/;daniella-webshop;Vezetékek és kábelek;Sodrott és tömör erezetű vezetékek;0,032;fm;129,36;164;2026.07.27;;;;VEZ1600027;129,36;164;;;100 fm;100;209,99;138200;https://daniella.hu/h07v-u-1x-2-5-zold-sarga-100-450-750v-egyeru-tomorvezetek-m-cu-mcu-id-vez1600027;2026-09-20T08:06:50.805Z;3;500;2026.06.30;2026.07.27;VEZ1600027;email:visszaigazolas
VRG-0203;H05VV-F 3x 1,5 (0);N/A;;;Kábelek, vezetékek;Erősáramú vezetékek, kábelek < 1 kV flexibilis elhelyezés;/Kábelek, vezetékek/;daniella-webshop;Vezetékek és kábelek;Gumikábelek és hosszabbító vezetékek;0,11;fm;298,76;379;2026.07.03;;;;VEZ1800044;298,76;379;;;1 fm;1;;2781,5;https://daniella.hu/h05vv-f-3x-1-5-feher-0-300-500v-hajlekony-tomlovezetek-mt-id-vez1800044;2026-09-20T08:06:51.679Z;1;25;2026.07.03;2026.07.03;VEZ1800044;email:visszaigazolas
VRG-0204;H05VV-F 5x 1,5 (0);N/A;;8591043754897;Kábelek, vezetékek;Erősáramú vezetékek, kábelek < 1 kV flexibilis elhelyezés;/Kábelek, vezetékek/;daniella-webshop;Vezetékek és kábelek;Gumikábelek és hosszabbító vezetékek;0,175;fm;441,21;560;2026.07.03;;;;VEZ1800080;441,21;560;;;1 fm;1;;1502;https://daniella.hu/h05vv-f-5x-1-5-feher-0-300-500v-hajlekony-tomlovezetek-mt-id-vez1800080;2026-09-20T08:06:52.672Z;1;10;2026.07.03;2026.07.03;VEZ1800080;email:visszaigazolas
VRG-0205;NYM-J 3x 1,5 (50) 300/500V tömör installációs vezeték (MB-Cu, MBCu);N/A;;5907802025406;Kábelek, vezetékek;Erősáramú vezetékek, kábelek < 1 kV rögzített elhelyezés;/Kábelek, vezetékek/;daniella-webshop;Vezetékek és kábelek;Installációs vezetékek;0,097;fm;260,26;331;2026.09.08;;;;VEZ2100001;260,26;331;338;23;50 fm;50;429,01;11150;https://daniella.hu/nym-j-3x-1-5-50-300-500v-tomor-installacios-vezetek-mb-cu-mbcu-id-vez2100001;2026-09-20T08:06:53.578Z;3;150;2026.06.30;2026.09.08;VEZ2100001;email:modositas + email:visszaigazolas + pdf:Megrendelés visszaigazolás
VRG-0206;NYM-J 3x 1,5 szürke (100) 300/500V tömör installációs vezeték (MB-Cu, MBCu);N/A;;3875000262911;Kábelek, vezetékek;Erősáramú vezetékek, kábelek < 1 kV rögzített elhelyezés;/Kábelek, vezetékek/;daniella-webshop;Vezetékek és kábelek;Installációs vezetékek;0,097;fm;260,26;331;2026.09.08;;;;VEZ2100002;260,26;331;338;23;100 fm;100;429,01;88500;https://daniella.hu/nym-j-3x-1-5-szurke-100-300-500v-tomor-installacios-vezetek-mb-cu-mbcu-id-vez2100002;2026-09-20T08:06:54.501Z;1;100;2026.09.08;2026.09.08;VEZ2100002;email:modositas + pdf:Megrendelés visszaigazolás
VRG-0207;NYM-J 3x 1,5 szürke (0) 300/500V tömör installációs vezeték (MB-Cu, MBCu);N/A;;5907802025420;Kábelek, vezetékek;Erősáramú vezetékek, kábelek < 1 kV rögzített elhelyezés;/Kábelek, vezetékek/;daniella-webshop;Vezetékek és kábelek;Installációs vezetékek;0,1005;fm;277,2;352;2026.08.05;;;;VEZ2100006;277,2;352;;;1 fm;1;;30124;https://daniella.hu/nym-j-3x-1-5-szurke-0-300-500v-tomor-installacios-vezetek-mb-cu-mbcu-id-vez2100006;2026-09-20T08:06:55.505Z;4;95;2026.06.12;2026.08.05;VEZ2100006;email:visszaigazolas + pdf:Ajánlat
VRG-0208;NYM-J 3x 2,5 szürke (100) 300/500V tömör installációs vezeték (MB-Cu, MBCu);N/A;;3875000262942;Kábelek, vezetékek;Erősáramú vezetékek, kábelek < 1 kV rögzített elhelyezés;/Kábelek, vezetékek/;daniella-webshop;Vezetékek és kábelek;Installációs vezetékek;0,142;fm;396,55;504;2026.09.08;;;;VEZ2100007;396,55;504;515;23;100 fm;100;654;4800;https://daniella.hu/nym-j-3x-2-5-szurke-100-300-500v-tomor-installacios-vezetek-mb-cu-mbcu-id-vez2100007;2026-09-20T08:06:56.651Z;1;100;2026.09.08;2026.09.08;VEZ2100007;email:modositas + pdf:Megrendelés visszaigazolás
VRG-0209;NYM-J 3x 2,5 szürke (0) 300/500V tömör installációs vezeték (MB-Cu, MBCu);N/A;;5907802025529;Kábelek, vezetékek;Erősáramú vezetékek, kábelek < 1 kV rögzített elhelyezés;/Kábelek, vezetékek/;daniella-webshop;Vezetékek és kábelek;Installációs vezetékek;0,142;fm;431,2;548;2026.06.12;;;;VEZ2100011;431,2;548;;;1 fm;1;;13250;https://daniella.hu/nym-j-3x-2-5-szurke-0-300-500v-tomor-installacios-vezetek-mb-cu-mbcu-id-vez2100011;2026-09-20T08:06:57.583Z;1;10;2026.06.12;2026.06.12;VEZ2100011;email:visszaigazolas + pdf:Ajánlat
VRG-0210;NYM-J 5x 1,5 szürke (0) 300/500V tömör installációs vezeték (MB-Cu, MBCu);N/A;;5907802025451;Kábelek, vezetékek;Erősáramú vezetékek, kábelek < 1 kV rögzített elhelyezés;/Kábelek, vezetékek/;daniella-webshop;Vezetékek és kábelek;Installációs vezetékek;0,2;fm;438,9;557;2026.09.08;;;;VEZ2100030;438,9;557;570;23;1 fm;1;;14041;https://daniella.hu/nym-j-5x-1-5-szurke-0-300-500v-tomor-installacios-vezetek-mb-cu-mbcu-id-vez2100030;2026-09-20T08:06:58.636Z;3;90;2026.06.30;2026.09.08;VEZ2100030;email:modositas + email:visszaigazolas + pdf:Megrendelés visszaigazolás
VRG-0211;WAGO 221-2411 vezeték összekötő sodrott 2-es, 1P átmenő, átlátszó, max. 4 mm2, 32A;WAGO;2212411;4066966102666;Installáció technika;Vezetékösszekötők;/Kábel/vezeték szerelési és csatlakozó anyagok/Installáció technika/;daniella-webshop;Kötéstechnika;Vezetékösszekötők;0,0025;db;124,1;158;2026.06.12;https://3dgroup.cloud/PIM_MIME/MD09_tanusitvany/WAGO2212411_tanusitvany.pdf;;;WAGO2212411;124,1;158;;;60 db;60;216;31494;https://daniella.hu/wago-221-2411-vezetek-osszekoto-sodrott-2-es-1p-atmeno-atlatszo-max-4-mm2-32a-id-wago2212411;2026-09-20T08:06:59.634Z;1;60;2026.06.12;2026.06.12;WAGO2212411;email:visszaigazolas + pdf:Ajánlat
VRG-0212;WAGO 221-415 vezeték összekötő sodrott 5-ös, átlátszó 0,2- 4mm2, 32A;WAGO;221415;4055143234658;Installáció technika;Vezetékösszekötők;/Kábel/vezeték szerelési és csatlakozó anyagok/Installáció technika/;daniella-webshop;Kötéstechnika;Vezetékösszekötők;0,00407;db;197,83;251;2026.06.12;https://3dgroup.cloud/PIM_MIME/MD09_tanusitvany/WAGO221415_tanusitvany.pdf;;;WAGO221415;197,83;251;;;25 db;25;344;20440;https://daniella.hu/wago-221-415-vezetek-osszekoto-sodrott-5-os-atlatszo-0-2--4mm2-32a-id-wago221415;2026-09-20T08:07:00.531Z;1;25;2026.06.12;2026.06.12;WAGO221415;email:visszaigazolas + pdf:Ajánlat
VRG-0213;WAGO 221-613 vez.összekötő sodrott 3-as, átlátszó 6mm2 30db;WAGO;221613;4055143715416;Installáció technika;Vezetékösszekötők;/Kábel/vezeték szerelési és csatlakozó anyagok/Installáció technika/;daniella-webshop;Kötéstechnika;Vezetékösszekötők;0,004;db;220,46;280;2026.07.27;https://3dgroup.cloud/PIM_MIME/MD09_tanusitvany/WAGO221613_tanusitvany.pdf;;;WAGO221613;220,46;280;;;1 db;1;384;4151;https://daniella.hu/wago-221-613-vezetek-osszekoto-sodrott-3-as-atlatszo-6mm2-id-wago221613;2026-09-20T08:07:01.669Z;1;10;2026.07.27;2026.07.27;WAGO221613;email:visszaigazolas
VRG-0214;WAGO 222-415 vez.összekötő sodrott 5-ös;WAGO;222415;4044918464956;Installáció technika;Vezetékösszekötők;/Kábel/vezeték szerelési és csatlakozó anyagok/Installáció technika/;daniella-webshop;Kötéstechnika;Vezetékösszekötők;0,0066;db;186,88;237;2026.07.27;https://3dgroup.cloud/PIM_MIME/MD09_tanusitvany/WAGO222415_tanusitvany.pdf;;;WAGO222415;186,88;237;;;1 db;1;325,01;5162;https://daniella.hu/wago-222-415-vezetek-osszekoto-sodrott-5-os-id-wago222415;2026-09-20T08:07:02.728Z;1;10;2026.07.27;2026.07.27;WAGO222415;email:visszaigazolas
VRG-0215;WAGO COMPACT vezeték összekötő 3x0,5-2,5 mm2 tömör vezetékhez, átlátszó házban, narancssárga fedéllel 2273-203;WAGO;2273203;4050821027850;Installáció technika;Vezetékösszekötők;/Kábel/vezeték szerelési és csatlakozó anyagok/Installáció technika/;daniella-webshop;Kötéstechnika;Vezetékösszekötők;0,001;db;47,45;60;2026.09.08;https://3dgroup.cloud/PIM_MIME/MD09_tanusitvany/WAGO2273203_tanusitvany.pdf;;;WAGO2273203;47,45;60;65;27;100 db;100;82,55;154247;https://daniella.hu/wago-compact-vezetek-osszekoto-3x0-5-2-5-mm2-tomor-vezetekhez-atlatszo-hazban-narancssarga-fedellel-2273-203-id-wago2273203;2026-09-20T08:07:03.645Z;2;130;2026.07.27;2026.09.08;WAGO2273203;email:modositas + email:visszaigazolas + pdf:Megrendelés visszaigazolás
VRG-0216;WAGO 5x 0,5-2,5mm2 vez.összekötő sárga 2273-205;WAGO;2273205;4050821027874;Installáció technika;Vezetékösszekötők;/Kábel/vezeték szerelési és csatlakozó anyagok/Installáció technika/;daniella-webshop;Kötéstechnika;Vezetékösszekötők;0,0016;db;65,7;83;2026.07.27;https://3dgroup.cloud/PIM_MIME/MD09_tanusitvany/WAGO2273205_tanusitvany.pdf;;;WAGO2273205;65,7;83;;;100 db;100;114;98927;https://daniella.hu/wago-compact-vezetek-osszekoto-5x0-5-2-5-mm2-tomor-vezetekhez-atlatszo-hazban-sarga-fedellel-2273-205-id-wago2273205;2026-09-20T08:07:04.654Z;1;20;2026.07.27;2026.07.27;WAGO2273205;email:visszaigazolas
VRG-0217;Fővezeték sorkapocs 2x 25/2x16mm2 zöld WPD101, 1560650000 Weidmüller;Weidmüller;1560650000;4050118365917;Kapcsolóberendezések és szekrények;Átmenő sorkapcsok;/Sínre szerelhető csatlakozókapcsok/Kapcsolóberendezések és szekrények/;daniella-webshop;Kötéstechnika;Fővezetéki sorkapcsok;0,068;db;1004,4;1276;2026.08.24;https://3dgroup.cloud/PIM_MIME/MD09_tanusitvany/WEI1560650000.pdf;;;WEI1560650000;1004,4;1276;;;1 db;1;1575;517;https://daniella.hu/fovezetek-sorkapocs-2x-25-2x16mm2-zold-wpd-101-2x25-2x16-gn-1560650000-weidmuller-id-wei1560650000;2026-09-20T08:07:05.815Z;2;2;2026.06.17;2026.08.24;WEI1560650000;email:visszaigazolas + xlsx/mail:deseo2 másolata.xlsx
VRG-0218;Fővezeték sorkapocs 2x 25/2x16mm2 kék WPD101, 1560670000 Weidmüller;Weidmüller;1560670000;4050118365733;Kapcsolóberendezések és szekrények;Átmenő sorkapcsok;/Sínre szerelhető csatlakozókapcsok/Kapcsolóberendezések és szekrények/;daniella-webshop-testver:WEI1560650000;Kötéstechnika;Fővezetéki sorkapcsok;0,068;db;1004,4;1276;2026.08.24;https://3dgroup.cloud/PIM_MIME/MD09_tanusitvany/WEI1560670000.pdf;;;WEI1560670000;1004,4;1276;;;1 db;1;1024;682;https://daniella.hu/fovezetek-sorkapocs-2x-25-2x16mm2-kek-wpd-101-2x25-2x16-bl-1560670000-weidmuller-id-wei1560670000;2026-09-20T08:07:06.915Z;2;2;2026.06.17;2026.08.24;WEI1560670000;email:visszaigazolas + xlsx/mail:deseo2 másolata.xlsx
VRG-0219;Fővezeték sorkapocs 2x 25/2x16mm2 szürke WPD101, 1560730000 Weidmüller;Weidmüller;1560730000;4050118365818;Kapcsolóberendezések és szekrények;Átmenő sorkapcsok;/Sínre szerelhető csatlakozókapcsok/Kapcsolóberendezések és szekrények/;daniella-webshop-testver:WEI1560650000;Kötéstechnika;Fővezetéki sorkapcsok;0,068;db;1004,4;1276;2026.08.24;https://3dgroup.cloud/PIM_MIME/MD09_tanusitvany/WEI1560730000.pdf;;;WEI1560730000;1004,4;1276;;;1 db;1;1024;770;https://daniella.hu/fovezetek-sorkapocs-2x-25-2x16mm2-szurke-wpd-101-2x25-2x16-gy-1560730000-weidmuller-id-wei1560730000;2026-09-20T08:07:07.796Z;4;10;2026.06.17;2026.08.24;WEI1560730000;email:visszaigazolas + xlsx/mail:deseo2 másolata.xlsx
VRG-0220;Fésűs sín 1P villás, 12 modul, 63A, Weidmüller 2657810000 Készlet Erejéig!;Weidmüller;2657810000;4050118672718;Kapcsolóberendezések és szekrények;Szigetelt keresztösszekötők, dugaszolható áthidalók;/Sínre szerelhető csatlakozókapcsok/Kapcsolóberendezések és szekrények/;daniella-webshop;Kismegszakítók és védelmek;Sínek és szerelési tartozékok;0,037;db;716,85;910;2026.07.31;https://3dgroup.cloud/PIM_MIME/MD09_tanusitvany/WEI2657810000.pdf;;;WEI2657810000;716,85;910;;;1 db;1;1124;374;https://daniella.hu/fesus-sin-villas-1p-12-osztas-63a-weidmuller-2657810000-keszlet-erejeig-id-wei2657810000;2026-09-20T08:07:09.209Z;1;1;2026.07.31;2026.07.31;WEI2657810000;email:visszaigazolas
VRG-0221;Weidmüller 9037330000;Weidmüller;9037330000;4008190492809;Installáció technika;Érvéghüvelyek;/Kábel/vezeték szerelési és csatlakozó anyagok/Installáció technika/;daniella-webshop;;;0,00076;;;;;;;;WEI9037330000;;;;;;;282;0;https://daniella.hu/erveghuvely-iker-szigetelt-6-18-fekete-h6-0-29-zh-sw-9037330000-weidmuller-id-wei9037330000;2026-09-20T08:07:10.142Z;0;0;;;WEI9037330000;xlsx/mail:deseo2 másolata.xlsx
